choice_id;question_id;choice_label;choice_text_md;is_correct;sort_order;feedback_md;match_role;match_choice_id;group_label
C0001;Q0001;A;A töltéshordozók egyirányú rendezett mozgása.;false;1;Ez az elektromos áram definíciója, nem az áramütésé.;;;
C0002;Q0001;B;A villamos áram kémiai hatásai.;false;2;Ez egy hatás, nem a meghatározás.;;;
C0003;Q0001;C;A villamos áram mechanikai, rázó- vagy ütőhatása az emberi testre.;false;3;A megfogalmazás pontatlan.;;;
C0004;Q0001;D;Az emberi testen áthaladó villamos áram által kiváltott káros élettani hatás.;true;4;Ez a helyes definíció.;;;
C0005;Q0002;A;Fázis és a nulla között mért feszültség.;false;1;Ez a fázisfeszültség.;;;
C0006;Q0002;B;Két fázis között mért feszültség.;true;2;Ez a vonali feszültség.;;;
C0007;Q0002;C;Föld és nulla között mért feszültség.;false;3;Ez nem a vonali feszültség.;;;
C0008;Q0002;D;Hiba esetén a nullán mérhető feszültség.;false;4;Ez hibajelenségre utal.;;;
C0009;Q0003;A;Piros;false;1;A védővezető nem piros.;;;
C0010;Q0003;B;Fekete;false;2;A védővezető nem fekete.;;;
C0011;Q0003;C;Kék;false;3;A védővezető nem kék.;;;
C0012;Q0003;D;Zöld / Sárga;true;4;Ez a helyes színjelölés.;;;
C0013;Q0004;A;S = √3 × U × I × cosφ;false;1;Ez az összefüggés nem a hatásos teljesítmény képlete.;;;
C0014;Q0004;B;P = √3 × U × I × sinφ;false;2;Ez nem a hatásos teljesítmény.;;;
C0015;Q0004;C;P = 3 × U × I;false;3;Hiányzik belőle a teljesítménytényező.;;;
C0016;Q0004;D;P = √3 × U × I × cosφ;true;4;Ez a helyes háromfázisú hatásos teljesítményképlet.;;;
C0017;Q0005;A;1600V AC;false;1;Ez már nem kisfeszültség.;;;
C0018;Q0005;B;24V AC;true;2;Ez kisfeszültség.;;;
C0019;Q0005;C;420V AC;true;3;Ez kisfeszültség.;;;
C0020;Q0005;D;100V DC;true;4;Ez kisfeszültség.;;;
C0021;Q0006;A;7,82 Ω;false;1;Ez ellenállás egység, nem áram.;;;
C0022;Q0006;B;9,2 A;true;2;Ez a helyes áramerősség.;;;
C0023;Q0006;C;7,82 A;false;3;Ez nem stimmel a számítással.;;;
C0024;Q0006;D;0,12 A;false;4;Ez túl kicsi.;;;
C0025;Q0007;A;Háztartásokban;false;1;A D karakterisztika nem erre a legjellemzőbb.;;;
C0026;Q0007;B;Vízmelegítő készülékekhez;false;2;Ez nem tipikus válasz.;;;
C0027;Q0007;C;Ipari berendezésekben;true;3;Ez a helyes válasz.;;;
C0028;Q0008;A;6A;false;1;Ez túl alacsony.;;;
C0029;Q0008;B;10A;false;2;Ez nem a várt gyakorlati érték.;;;
C0030;Q0008;C;13A;false;3;Ez nem a várt gyakorlati érték.;;;
C0031;Q0008;D;16A;true;4;Ez a gyakorlati feladatsor szerinti helyes válasz.;;;
C0032;Q0009;A;áttekintési rajz;true;1;Ez mutatja be egyszerűsítve a működést.;;;
C0033;Q0009;B;áramutas rajz;false;2;Ez a részleteket tartalmazó működési rajz.;;;
C0034;Q0009;C;huzalozási rajz;false;3;Ez a fémes összeköttetéseket mutatja.;;;
C0035;Q0009;D;csatlakozási rajz;false;4;Ez a csatlakozási pontokat adja meg.;;;
C0036;Q0010;A;Egy vagy több vezetőt egy vonallal ábrázol.;true;1;Ez az egyvonalas ábrázolás lényege.;;;
C0037;Q0010;B;Ábrázolhat párhuzamos kapcsolású vezetőket.;true;2;Ez szerepel a felsorolt lehetőségek között.;;;
C0038;Q0010;C;Ábrázolhat azonos működésű villamos áramköröket.;true;3;Ez is igaz.;;;
C0039;Q0010;D;Ábrázolhat az egy nyomvonalon futó vezetőket.;true;4;Ez is igaz.;;;
C0040;Q0010;E;Csak egyetlen vezetőt lehet vele jelölni.;false;5;Ez nem igaz.;;;
C0041;Q0010;F;Csak mérőkörökön használható.;false;6;Ez nem igaz.;;;
C0042;Q0011;A;készülékhuzalozási rajz;true;1;Ez mutatja a belső és külső összeköttetéseket.;;;
C0043;Q0011;B;bekötési rajz;false;2;Ez a készülékek közti csatlakozást mutatja.;;;
C0044;Q0011;C;csatlakozási rajz;false;3;Ez a csatlakozási pontokat adja meg.;;;
C0045;Q0011;D;elrendezési rajz;false;4;Ez az elhelyezést mutatja.;;;
C0046;Q0012;A;1s. - 10A kapcsoló;true;1;A példa szerint ez a helyes jelentés.;;;
C0047;Q0012;B;2s. - 10A kapcsoló;false;2;Ez más kapcsoló lenne.;;;
C0048;Q0012;C;1s. - 16A kapcsoló;false;3;A számérték nem egyezik.;;;
C0049;Q0012;D;3s. - 10A kapcsoló;false;4;A működés nem egyezik.;;;
C0050;Q0013;A;Egy fogyasztó vagy fogyasztói csoport kapcsolására két kapcsolási helyről.;true;1;Ez a váltókapcsolás célja.;;;
C0051;Q0013;B;Két fogyasztó önálló kapcsolására egy helyről.;false;2;Ez a csillárkapcsolás.;;;
C0052;Q0013;C;Egy fogyasztó kapcsolására három vagy több helyről.;false;3;Ez a keresztváltó kapcsolás.;;;
C0053;Q0013;D;Csak fázisvezetőben alkalmazható egyszerű kapcsolás.;false;4;Túl általános, nem pontos.;;;
C0054;Q0014;A;Az egysarkú kapcsolást többnyire melegpadlós helyiségekben alkalmazzák.;true;1;Ez a leírás szerepel a forrásban.;;;
C0055;Q0014;B;A kétsarkú kapcsolást hidegpadlós vagy kültéri szereléseknél alkalmazzuk.;true;2;Ez a leírás is szerepel.;;;
C0056;Q0014;C;A háromsarkú kapcsolás nagy teljesítményigényű, háromfázisra szétosztott világításnál jellemző.;true;3;Ez a helyes állítás.;;;
C0057;Q0014;D;Az egysarkú kapcsolást mindig a nulla vezetőbe kell kötni.;false;4;A fázisvezetőbe kell kötni.;;;
C0058;Q0014;E;A háromsarkú kapcsolás csak egyetlen lámpához használható.;false;5;Ez nem igaz.;;;
C0059;Q0015;A;csillárkapcsolás;true;1;Két fogyasztó vagy csoport önálló/egyidejű kapcsolására jó.;;;
C0060;Q0015;B;keresztváltó kapcsolás;false;2;Ez több kapcsolási helyhez való.;;;
C0061;Q0015;C;impulzusrelés kapcsolás;false;3;Ez nagyobb számú helyhez való lehet megoldás.;;;
C0062;Q0015;D;egysarkú kapcsolás;false;4;Ez nem ezt a feladatot oldja meg.;;;
C0063;Q0016;A;váltókapcsolás;true;1;Két kapcsolási helyről vezérelhető.;;;
C0064;Q0016;B;csillárkapcsolás;false;2;Ez két fogyasztó kapcsolására való.;;;
C0065;Q0016;C;keresztváltó kapcsolás;false;3;Ez három vagy több helyhez való.;;;
C0066;Q0016;D;egysarkú kapcsolás;false;4;Ez egy helyről vezérel.;;;
C0067;Q0017;A;A keresztváltó kapcsolás két alternatív kapcsoló közé iktatható.;true;1;Ez a működési elv lényege.;;;
C0068;Q0017;B;A kapcsolóhoz négy vezeték csatlakozik.;true;2;Ez szerepel a forrásban.;;;
C0069;Q0017;C;A két alternatív szálat cseréli meg.;true;3;Ez a funkciója.;;;
C0070;Q0017;D;Három vagy több kapcsolási helyről vezérelhető vele a világítás.;true;4;Ez az alkalmazási területe.;;;
C0071;Q0017;E;Csak két fogyasztó egyidejű kapcsolására való.;false;5;Ez nem igaz.;;;
C0072;Q0017;F;Mindig az elosztóban kell elhelyezni.;false;6;Ez az impulzusrelére igaz, nem a keresztkapcsolóra.;;;
C0073;Q0018;A;Átkapcsolja az előző állapotot.;true;1;Ez az impulzusrelé működése.;;;
C0074;Q0018;B;Mindig kikapcsolt állapotban marad.;false;2;Ez nem igaz.;;;
C0075;Q0018;C;Csak a feszültségszintet csökkenti.;false;3;Ez nem igaz.;;;
C0076;Q0018;D;A motor túlterhelését érzékeli.;false;4;Ez nem az impulzusrelé feladata.;;;
C0077;Q0019;A;Elengedés késleltetésű időrelé.;true;1;A lépcsőházi automata erre épül.;;;
C0078;Q0019;B;Olvadóbiztosító.;false;2;Ez nem időrelé.;;;
C0079;Q0019;C;Motorvédő kapcsoló.;false;3;Ez nem időrelé.;;;
C0080;Q0019;D;Keresztkapcsoló.;false;4;Ez nem időrelé.;;;
C0081;Q0020;A;Hőrelé;true;1;Túlterhelésvédelmet ad.;;;
C0082;Q0020;B;Motorvédő kapcsoló;true;2;Túlterhelésvédelmet ad.;;;
C0083;Q0020;C;Mágneskapcsoló;false;3;Ez főként kapcsolóeszköz.;;;
C0084;Q0020;D;FI-relé;false;4;Ez hibaáram-védelmi eszköz.;;;
C0085;Q0021;A;3;true;1;A forrás szerint többnyire három főérintkező van.;;;
C0086;Q0021;B;1;false;2;Ez túl kevés.;;;
C0087;Q0021;C;2;false;3;Ez nem jellemző.;;;
C0088;Q0021;D;4;false;4;Ez nem a tipikus megoldás.;;;
C0089;Q0022;A;Elektromágneses működésű készülékek.;true;1;A mágneskapcsolók ilyenek.;;;
C0090;Q0022;B;Segédérintkezőik bővíthetők.;true;2;Ez igaz.;;;
C0091;Q0022;C;Három főáramköri záró érintkezőjük van.;true;3;Ez többnyire igaz.;;;
C0092;Q0022;D;Legalább egy záró és egy nyitó érintkezőt tartalmaznak vezérlési célra.;true;4;Ez szerepel a forrásban.;;;
C0093;Q0022;E;Csak manuálisan működtethetők.;false;5;Ez nem igaz.;;;
C0094;Q0022;F;Általában nem használhatók vezérlésben.;false;6;Ez nem igaz.;;;
C0095;Q0023;A;A vezérlés eredménytől függetlenül végrehajtódik, a szabályzás visszacsatolással korrigál.;true;1;Ez a legjobb összefoglalás.;;;
C0096;Q0023;B;A szabályzás mindig rugalmatlanabb, mint a vezérlés.;false;2;Pont fordítva.;;;
C0097;Q0023;C;A vezérlés csak érzékelőkkel működik.;false;3;Nem csak azzal.;;;
C0098;Q0023;D;A szabályzás sosem használ visszacsatolást.;false;4;Ez nem igaz.;;;
C0099;Q0024;A;Rendelkező szerv;true;1;A hatáslánc része.;;;
C0100;Q0024;B;Érzékelő szerv;true;2;A hatáslánc része.;;;
C0101;Q0024;C;Jelformáló szerv;true;3;A hatáslánc része.;;;
C0102;Q0024;D;Erősítő;true;4;A hatáslánc része.;;;
C0103;Q0024;E;Beavatkozó szerv;true;5;A hatáslánc része.;;;
C0104;Q0024;F;Földelő szerv;false;6;Ez nem része.;;;
C0105;Q0025;A;3;true;1;A külső villámvédelem három részből áll.;;;
C0106;Q0025;B;2;false;2;Ez nem elegendő.;;;
C0107;Q0025;C;4;false;3;A forrás szerint három elem van.;;;
C0108;Q0025;D;1;false;4;Ez nem igaz.;;;
C0109;Q0026;A;Felfogórendszer;true;1;Ez az egyik rész.;;;
C0110;Q0026;B;Levezetőrendszer;true;2;Ez a másik rész.;;;
C0111;Q0026;C;Földelőrendszer;true;3;Ez a harmadik rész.;;;
C0112;Q0026;D;Tápellátórendszer;false;4;Ez nem része.;;;
C0113;Q0026;E;Vezérlőrendszer;false;5;Ez nem része.;;;
C0114;Q0027;A;International Protection;true;1;Ez a helyes megfejtés.;;;
C0115;Q0027;B;Ingress Pressure;false;2;Ez nem helyes.;;;
C0116;Q0027;C;Internal Protection;false;3;Ez nem helyes.;;;
C0117;Q0027;D;Insulation Performance;false;4;Ez nem helyes.;;;
C0118;Q0028;A;Barna;true;1;A dokumentum szerint ez fázisvezető lehet.;;;
C0119;Q0028;B;Fekete;true;2;A dokumentum szerint ez fázisvezető lehet.;;;
C0120;Q0028;C;Szürke;true;3;A dokumentum szerint ez fázisvezető lehet.;;;
C0121;Q0028;D;Kék;false;4;Ez a nulla vezető színe.;;;
C0122;Q0028;E;Zöld;false;5;Ez nem fázisvezető szín.;;;
C0123;Q0028;F;Piros;false;6;Ez nem fázisvezető szín.;;;
C0124;Q0029;A;Van zöld-sárga színjelölésű ér.;true;1;Ez a J jelentése.;;;
C0125;Q0029;B;Az ér és köpenyszigetelés PVC.;false;2;Ez a NYY jellegéhez tartozik, nem a J-hez.;;;
C0126;Q0029;C;Az ér elemi szálas réz vezető.;false;3;Ez más jelöléshez tartozik.;;;
C0127;Q0029;D;A vezető ér anyaga alumínium.;false;4;Ez nem a J jelentése.;;;
C0128;Q0030;A;Van zöld-sárga színjelölésű ér.;true;1;A G ezt jelöli.;;;
C0129;Q0030;B;Az ér szektor kialakítású.;false;2;Ez nem a G jelentése.;;;
C0130;Q0030;C;Az ér- és köpenyszigetelés PVC.;false;3;Ez nem a G jelentése.;;;
C0131;Q0030;D;A vezető ér anyaga alumínium.;false;4;Ez nem a G jelentése.;;;
C0132;Q0031;A;Túláram;true;1;A kismegszakító erre oldhat le.;;;
C0133;Q0031;B;Zárlati áram;true;2;A kismegszakító erre oldhat le.;;;
C0134;Q0031;C;Hibaáram;false;3;Ez FI-reléhez tartozik.;;;
C0135;Q0031;D;Meddő áram;false;4;Ez nem leoldási ok.;;;
C0136;Q0032;A;Teljes leválasztás.;true;1;Ez az első lépés.;;;
C0137;Q0032;B;Visszakapcsolás elleni védelem biztosítása.;true;2;Ez a második lépés.;;;
C0138;Q0032;C;A villamos berendezés feszültség nélküli állapotának ellenőrzése.;true;3;Ez a harmadik lépés.;;;
C0139;Q0032;D;Kisütés, földelés, rövidre zárás végrehajtása.;true;4;Ez a negyedik lépés.;;;
C0140;Q0032;E;A közeli, feszültség alatti részek elleni védelem biztosítása.;true;5;Ez az ötödik lépés.;;;
C0141;Q0032;F;A készülék azonnali üzembe helyezése.;false;6;Ez nem a feszültségmentesítés része.;;;
C0142;Q0033;A;SELV: földeletlen érintésvédelmi törpefeszültség leválasztó transzformátorral.;true;1;Ez a helyes leírás.;;;
C0143;Q0033;B;PELV: földelt érintésvédelmi törpefeszültség leválasztó transzformátorral és védővezetővel.;true;2;Ez a helyes leírás.;;;
C0144;Q0033;C;FELV: üzemi törpefeszültség.;true;3;Ez a helyes leírás.;;;
C0145;Q0033;D;SELV: 230V-os hálózati rendszer.;false;4;Ez nem igaz.;;;
C0146;Q0033;E;FELV: földeletlen védőfeszültség.;false;5;Ez nem a megadott definíció.;;;
C0147;Q0034;A;Egypólusú kapcsoló.;true;1;A hét alap típus egyike.;;;
C0148;Q0034;B;Kétpólusú kapcsoló.;true;2;A hét alap típus egyike.;;;
C0149;Q0034;C;Hárompólusú kapcsoló.;true;3;A hét alap típus egyike.;;;
C0150;Q0034;D;Kétáramkörös kapcsoló (csillárkapcsoló).;true;4;A hét alap típus egyike.;;;
C0151;Q0034;E;Váltókapcsoló.;true;5;A hét alap típus egyike.;;;
C0152;Q0034;F;Kettős váltókapcsoló.;true;6;A hét alap típus egyike.;;;
C0153;Q0034;G;Keresztkapcsoló.;true;7;A hét alap típus egyike.;;;
C0154;Q0034;H;Mozgásérzékelő.;false;8;Ez hasznos lehet, de nem az alap kapcsolótípusok közé tartozik.;;;
C0155;Q0035;A;Egy billentyűs.;true;1;Az egypólusú kapcsoló egy billentyűvel rendelkezik.;;;
C0156;Q0035;B;A fázisvezetőbe kell kötni.;true;2;Az egypólusú kapcsolót mindig a fázisba kötjük.;;;
C0157;Q0035;C;Egypólusú kapcsoló.;true;3;Ez a típusa.;;;
C0158;Q0035;D;Két fogyasztói csoportot kapcsol egyszerre.;false;4;Ez a kétáramkörös kapcsoló feladata.;;;
C0159;Q0035;E;400V-os világításra való.;false;5;Ez nem az egypólusú kapcsoló fő jellemzője.;;;
C0160;Q0036;A;Három fázist kapcsol egyszerre.;true;1;A 103-as kapcsoló ezt teszi.;;;
C0161;Q0036;B;Egy billentyűs.;true;2;A hárompólusú kapcsoló egy billentyűvel működik.;;;
C0162;Q0036;C;Ipari világításnál használható.;true;3;A forrás ezt emeli ki.;;;
C0163;Q0036;D;Névleges üzemi feszültsége 400V.;true;4;A 103-as kapcsolóhoz ez a megadott érték.;;;
C0164;Q0036;E;Két helyről kapcsolható egy fogyasztó.;false;5;Ez váltókapcsolóhoz tartozik.;;;
C0165;Q0037;A;Két külön áramkört kapcsolhat.;true;1;Ez a kétáramkörös kapcsoló lényege.;;;
C0166;Q0037;B;Két billentyűs.;true;2;Két külön kezelőfelület van rajta.;;;
C0167;Q0037;C;Csillárkapcsoló.;true;3;Ez a másik neve.;;;
C0168;Q0037;D;Egy helyről két fogyasztói csoportot működtet.;true;4;A két független áramkör miatt erre alkalmas.;;;
C0169;Q0037;E;Két helyről kapcsolható egy fogyasztó.;false;5;Ez nem a csillárkapcsoló feladata.;;;
C0170;Q0038;A;Váltókapcsoló.;true;1;Ez a 106-os kapcsoló neve.;;;
C0171;Q0038;B;Alternatív kapcsoló.;true;2;A váltókapcsoló másik elnevezése.;;;
C0172;Q0038;C;Egy fogyasztó két helyről kapcsolható vele.;true;3;Ez a fő alkalmazása.;;;
C0173;Q0038;D;Egy váltóérintkezőt tartalmaz.;true;4;A működését egy váltóérintkező adja.;;;
C0174;Q0038;E;Keresztkapcsoló.;false;5;A keresztkapcsoló külön típus.;;;
C0175;Q0039;A;Keresztkapcsoló.;true;1;Ez a 107-es kapcsoló.;;;
C0176;Q0039;B;Két váltókapcsoló közé iktatható.;true;2;A keresztkapcsoló mindig két váltókapcsoló között van.;;;
C0177;Q0039;C;Négy vezeték csatlakozik hozzá.;true;3;A forrás ezt hangsúlyozza.;;;
C0178;Q0039;D;A két alternatív szálat cseréli meg.;true;4;Ez a működési elve.;;;
C0179;Q0039;E;Egy fogyasztó három vagy több kapcsolási helyéről is alkalmazható.;true;5;A köztes kapcsolók számával bővíthető.;;;
C0180;Q0039;F;Csak két vezeték megy rá.;false;6;Ez nem igaz a keresztkapcsolóra.;;;
C0181;Q0040;A;Rendelkező szerv lehet nyomógomb.;true;1;A nyomógomb a rendelkező szerv tipikus példája.;;;
C0182;Q0040;B;Érzékelő szerv lehet termosztát.;true;2;A termosztát érzékelő szervként szerepel.;;;
C0183;Q0040;C;Jelformáló szerv lehet relé.;true;3;A relé jelformáló elemként működhet.;;;
C0184;Q0040;D;Beavatkozó szerv lehet mágneskapcsoló.;true;4;A mágneskapcsoló beavatkozó szerv.;;;
C0185;Q0040;E;A vezérlés a kimeneti eredményt figyeli és visszacsatol.;false;5;Ez már a szabályzás logikája.;;;
C0186;Q0041;A;Visszacsatolással működik.;true;1;A szabályzás alapja a visszacsatolás.;;;
C0187;Q0041;B;A kimeneti értéket figyelve avatkozik be.;true;2;A folyamat eredménye alapján módosít.;;;
C0188;Q0041;C;Stabilizálja a rendszert.;true;3;A negatív visszacsatolás erre szolgál.;;;
C0189;Q0041;D;Lehet kézi vagy automatikus.;true;4;Mindkét megoldás létezik.;;;
C0190;Q0041;E;A folyamat eredményétől függetlenül zajlik.;false;5;Ez a vezérlésre jellemző.;;;
C0191;Q0042;A;Elektromágnesként működik.;true;1;A mágneskapcsoló alapelve ez.;;;
C0192;Q0042;B;Főáramkörben többnyire három záró érintkezőt tartalmaz.;true;2;A teljesítménykapcsolás miatt ez jellemző.;;;
C0193;Q0042;C;Legalább egy záró és egy nyitó segédérintkezője lehet.;true;3;A vezérléshez segédérintkezők is vannak.;;;
C0194;Q0042;D;A segédérintkezők száma bővíthető.;true;4;A forrás külön kiemeli a bővíthetőséget.;;;
C0195;Q0042;E;Csak kézi mechanikus kapcsoló.;false;5;A működése elektromágneses.;;;
C0196;Q0043;A;Motorok túlterhelés elleni védelmére szolgál.;true;1;Ez a fő feladata.;;;
C0197;Q0043;B;A hőrelé segédérintkezőin jelzés adható.;true;2;A hőrelé erre is alkalmas.;;;
C0198;Q0043;C;A motorvédő kapcsoló megszakíthatja a túlterhelt áramkört.;true;3;Ez a motorvédő egyik erőssége.;;;
C0199;Q0043;D;Rövidzárlati pillanatkioldója is lehet.;true;4;A forrás ezt szintén említi.;;;
C0200;Q0043;E;Hibaáram-védelemre való.;false;5;Ez nem a motorvédő fő feladata.;;;
C0201;Q0044;A;Időrelé jellegű készülék.;true;1;A lépcsőházi automata valójában időrelé.;;;
C0202;Q0044;B;A nyomógomb megnyomására bekapcsolja a világítást.;true;2;Így indul a működés.;;;
C0203;Q0044;C;A beállított idő letelte után kikapcsol.;true;3;Ez az automata lényege.;;;
C0204;Q0044;D;Első feszültségre kapcsoláskor is bekapcsolhat egy ciklusra.;true;4;A dokumentum ezt külön megemlíti.;;;
C0205;Q0044;E;Folyamatos üzemben működik időzítés nélkül.;false;5;Ez nem igaz rá.;;;
C0206;Q0045;A;Minden nyomó működtetésre átkapcsol.;true;1;Ez az impulzusrelé definíciója.;;;
C0207;Q0045;B;Sok nyomógombos világításvezérlésnél hasznos.;true;2;Kifejezetten erre ajánlott.;;;
C0208;Q0045;C;DIN sínre pattintható, moduláris kivitelű lehet.;true;3;Az elosztóba szerelt moduláris készülék.;;;
C0209;Q0045;D;Csak keresztkapcsolókkal helyettesíthető.;false;4;Nem kizárólag azzal.;;;
C0210;Q0046;A;Feszültség hatására az emberi testen átfolyó áram nagysága.;true;1;Ez alapvető tényező.;;;
C0211;Q0046;B;Az áramütés időtartama.;true;2;Ez alapvető tényező.;;;
C0212;Q0046;C;Az érintkezési pontok közötti testellenállás.;true;3;Ez alapvető tényező.;;;
C0213;Q0046;D;Az áram útja a testben.;true;4;Ez alapvető tényező.;;;
C0214;Q0046;E;A vezeték színe.;false;5;Ez nem befolyásolja közvetlenül.;;;
C0215;Q0046;F;A dugalj márkája.;false;6;Ez nem befolyásolja közvetlenül.;;;
C0216;Q0047;A;A táplálás önműködő lekapcsolása.;true;1;A közvetett érintés elleni egyik mód.;;;
C0217;Q0047;B;II. érintésvédelmi osztályú szerkezet használata.;true;2;A közvetett érintés elleni egyik mód.;;;
C0218;Q0047;C;A környezet elszigetelése.;true;3;A közvetett érintés elleni egyik mód.;;;
C0219;Q0047;D;Földeletlen helyi egyenpotenciálú összekötés.;true;4;A közvetett érintés elleni egyik mód.;;;
C0220;Q0047;E;Villamos elválasztás.;true;5;A közvetett érintés elleni egyik mód.;;;
C0221;Q0047;F;Érintésvédelmi törpefeszültség alkalmazása.;true;6;A közvetett érintés elleni egyik mód.;;;
C0222;Q0047;G;Egyszerű kapcsoló beépítése.;false;7;Ez nem érintésvédelmi mód.;;;
C0223;Q0048;A;TN-C rendszer.;false;1;Itt a PEN közös vezető.;;;
C0224;Q0048;B;TN-S rendszer.;true;2;Itt külön vezetett az N és PE.;;;
C0225;Q0048;C;TT rendszer.;false;3;Itt nincs TN-S szerinti külön N és PE.;;;
C0226;Q0048;D;IT rendszer.;false;4;Ez nem a kérdezett rendszer.;;;
C0227;Q0049;A;Közös védő- és nullavezető.;true;1;A PEN jelentése.;;;
C0228;Q0049;B;Külön védő- és nullavezető.;false;2;Ez a TN-S-re jellemző.;;;
C0229;Q0049;C;Csak védőföld.;false;3;A PEN nem csak védőföld.;;;
C0230;Q0049;D;Csak nullavezető.;false;4;A PEN több szerepű vezető.;;;
C0231;Q0050;A;50V AC.;true;1;Ez a határérték a forrás szerint.;;;
C0232;Q0050;B;120V DC.;false;2;Ez az egyenáramú határérték.;;;
C0233;Q0050;C;230V AC.;false;3;Ez nem veszélytelen érintési feszültség.;;;
C0234;Q0050;D;24V AC.;false;4;Ez alacsonyabb feszültség.;;;
C0235;Q0051;A;TN-C rendszerben a PEN közös vezető.;true;1;Ez a TN-C sajátossága.;;;
C0236;Q0051;B;TN-S rendszerben külön N és PE van.;true;2;Ez a TN-S sajátossága.;;;
C0237;Q0051;C;TN-C-S rendszerben a PEN után különválik N és PE.;true;3;Ez a TN-C-S lényege.;;;
C0238;Q0051;D;Testzárlatnál a túláramvédelmi szervnek kell lekapcsolnia.;true;4;A TN rendszer elve ez.;;;
C0239;Q0051;E;Az N és PE szétválasztása után újra össze kell kötni őket.;false;5;Ez tilos.;;;
C0240;Q0051;F;A TN rendszerben nincs védővezető.;false;6;Ez nem igaz.;;;
C0241;Q0052;A;Távolból végzett munka.;true;1;Ez FAM munkamódszer.;;;
C0242;Q0052;B;Érintéssel végzett munka.;true;2;Ez FAM munkamódszer.;;;
C0243;Q0052;C;Potenciálon végzett munka.;true;3;Ez FAM munkamódszer.;;;
C0244;Q0052;D;Szigetelő szalaggal végzett munka.;false;4;Ez nem FAM munkamódszer.;;;
C0245;Q0052;E;Kézi csavarozás.;false;5;Ez nem FAM munkamódszer.;;;
C0246;Q0053;A;ÁPVGY.;true;1;Ez a helyes dokumentum.;;;
C0247;Q0053;B;MSZ 172.;false;2;Ez egy régebbi érintésvédelmi szabványsorozat.;;;
C0248;Q0053;C;VDE katalógus.;false;3;Ez nem a megnevezett dokumentum.;;;
C0249;Q0053;D;Konnektor jegyzék.;false;4;Ez nem a dokumentum neve.;;;
C0250;Q0054;A;Szemmel látható minőség.;true;1;Ez minősítési szempont.;;;
C0251;Q0054;B;Villamos minőség.;true;2;Ez minősítési szempont.;;;
C0252;Q0054;C;Működési minőség.;true;3;Ez minősítési szempont.;;;
C0253;Q0054;D;Méret szerinti minőség.;true;4;Ez minősítési szempont.;;;
C0254;Q0054;E;Mechanikai minőség.;true;5;Ez minősítési szempont.;;;
C0255;Q0054;F;Esztétikai minőség.;false;6;Ez nem szerepel a forrásban.;;;
C0256;Q0055;A;Mü I.;true;1;A forrás szerint ez a legvékonyabb falú cső.;;;
C0257;Q0055;B;Mü II.;false;2;Ez vastagabb.;;;
C0258;Q0055;C;Mü III.;false;3;Ez a legvastagabb.;;;
C0259;Q0055;D;MG I.;false;4;Ez nem a kérdezett típus.;;;
C0260;Q0056;A;A szilárd tárgyak elleni mechanikai védettséget jelöli.;true;1;Az első számjegy ezt mutatja.;;;
C0261;Q0056;B;A víz elleni védettséget jelöli.;false;2;Ez a második számjegyhez tartozik.;;;
C0262;Q0056;C;A névleges áramerősséget jelöli.;false;3;Ez nem IP-jelölés.;;;
C0263;Q0056;D;A vezeték színét jelöli.;false;4;Ez nem IP-jelölés.;;;
C0264;Q0057;A;A kettős négyzet jelöli.;true;1;Ez a II. osztály jele.;;;
C0265;Q0057;B;A földelőkapocs jelöli.;false;2;Ez nem a II. osztály jele.;;;
C0266;Q0057;C;Az áram-védőkapcsoló jele.;false;3;Ez nem a II. osztály jele.;;;
C0267;Q0057;D;Az IP20 jelöli.;false;4;Ez nem a II. osztály jele.;;;
C0268;Q0058;A;230 V.;true;1;A háromfázisú 230/400 V-os hálózat fázisfeszültsége.;;;
C0269;Q0058;B;50 V.;false;2;Ez az érintési feszültség határértéke, nem Uo.;;;
C0270;Q0058;C;400 V.;false;3;Ez a vonali feszültség.;;;
C0271;Q0058;D;120 V.;false;4;Ez az egyenáramú határérték.;;;
C0272;Q0059;A;Megbontás nélkül, szemrevételezéssel ellenőrzik.;true;1;Ez a szerelői ellenőrzés lényege.;;;
C0273;Q0059;B;Csak mérőműszerrel ellenőrzik.;false;2;Nem csak műszeres ellenőrzés.;;;
C0274;Q0059;C;Csak felülvizsgáló végezheti.;false;3;A szerelői ellenőrzést a szerelő is elvégzi.;;;
C0275;Q0059;D;Feszültség alatti munkával ellenőrzik.;false;4;Ez nem szerelői ellenőrzés.;;;
C0276;Q0060;A;Folytonosságvizsgálat.;true;1;A felsorolt feladatok egyike.;;;
C0277;Q0060;B;Szigetelési ellenállás ellenőrzése.;true;2;A felsorolt feladatok egyike.;;;
C0278;Q0060;C;Feszültség alá helyezés.;true;3;A felsorolt feladatok egyike.;;;
C0279;Q0060;D;Működési próba.;true;4;A felsorolt feladatok egyike.;;;
C0280;Q0060;E;A szerelvények díszítése.;false;5;Ez nem része az ellenőrzésnek.;;;
C0281;Q0061;A;A motor névleges áramának értékére.;true;1;A hőkioldót erre állítjuk.;;;
C0282;Q0061;B;A motor névleges feszültségének felére.;false;2;Ez nem jó beállítás.;;;
C0283;Q0061;C;A névleges teljesítmény kétszeresére.;false;3;Ez nem jó beállítás.;;;
C0284;Q0061;D;A hálózati frekvencia szerint.;false;4;Ez nem a beállítás alapja.;;;
C0285;Q0062;A;10 mm2.;true;1;A forrás szerint ez a minimum.;;;
C0286;Q0062;B;6 mm2.;false;2;Ez kevés lenne.;;;
C0287;Q0062;C;16 mm2.;false;3;Ez nagyobb a szükségesnél.;;;
C0288;Q0062;D;4 mm2.;false;4;Ez kevés lenne.;;;
C0289;Q0063;A;Igen, megfelelő.;true;1;A megadott hurokimpedancia megfelelő.;;;
C0290;Q0063;B;Nem megfelelő.;false;2;Ez az érték még megfelelő a megadott védelemhez.;;;
C0291;Q0064;A;2,17 A.;true;1;A háromfázisú képletből ez adódik.;;;
C0292;Q0064;B;3,26 A.;false;2;Ez az egyfázisú számítás eredménye lenne.;;;
C0293;Q0064;C;16,2 A.;false;3;Ez nem stimmel.;;;
C0294;Q0064;D;25,3 A.;false;4;Ez nem stimmel.;;;
C0295;Q0065;A;Mert az áram-védőkapcsoló a hibavédelem hatékonyságát növeli.;true;1;Ez a helyes indoklás.;;;
C0296;Q0065;B;Mert ebben a rendszerben nem kell védővezetőt használni.;false;2;A védővezetőre továbbra is szükség van.;;;
C0297;Q0065;C;Mert a hurokimpedancia értéke nagy is lehet, és az ÁVK segít a védelemben.;false;3;Ez a háttér, de nem külön válaszlehetőségként szerepel.;;;
C0298;Q0065;D;Mert a nullavezetőt védővezetőként lehet használni.;false;4;Ez nem igaz.;;;
C0299;Q0066;A;A zárlati szilárdságot, azaz a megszakítóképességet jelenti.;true;1;A 6000 erre utal.;;;
C0300;Q0066;B;A névleges áramerősséget jelenti.;false;2;Ez a 10 A.;;;
C0301;Q0066;C;A kioldási karakterisztikát jelenti.;false;3;Ez a B/C/D jelölés.;;;
C0302;Q0066;D;A névleges feszültséget jelenti.;false;4;Ez a 230/400 V.;;;
C0303;Q0067;A;230/400 V váltakozó feszültségre való.;true;1;Ez helyes.;;;
C0304;Q0067;B;10 A névleges áramerősségű.;true;2;Ez helyes.;;;
C0305;Q0067;C;B karakterisztikájú.;true;3;Ez helyes.;;;
C0306;Q0067;D;6 kA zárlati szilárdságú.;true;4;Ez helyes.;;;
C0307;Q0067;E;400 V egyenfeszültségre is így kell értelmezni.;false;5;Ez nem helyes.;;;
C0308;Q0068;A;Minden fogyasztóra azonos nagyságú feszültség jut.;true;1;Ez a párhuzamos kapcsolás alapja.;;;
C0309;Q0068;B;A fogyasztók számának növelésével nő az áramfelvétel.;true;2;Ez helyes.;;;
C0310;Q0068;C;A fogyasztók eredő ellenállása a legkisebbnél is kisebb lesz.;true;3;Ez helyes.;;;
C0311;Q0068;D;Azonos fogyasztók esetén az egyes fogyasztók feszültsége feleződik.;false;4;Ez soros kapcsolásra igaz.;;;
C0312;Q0068;E;Párhuzamos kapcsolásnál csak egy áramút alakul ki.;false;5;Ez nem igaz.;;;
C0313;Q0069;A;Az áram-védőkapcsoló a hibavédelem hatékonyságát növeli.;true;1;Ez a helyes feladatköre.;;;
C0314;Q0069;B;Az áram-védőkapcsoló önálló hibavédelmi mód.;false;2;A kérdés szerint nem ez a helyes válasz.;;;
C0315;Q0069;C;Az áram-védőkapcsoló csak túláramvédelemre való.;false;3;Ez nem igaz.;;;
C0316;Q0069;D;Az áram-védőkapcsoló a vezeték színét ellenőrzi.;false;4;Ez nem a feladata.;;;
C0317;Q0070;A;3 vezeték.;false;1;Ez nem egyezik a forrással.;;;
C0318;Q0070;B;4 vezeték.;false;2;Ez nem egyezik a forrással.;;;
C0319;Q0070;C;6 vezeték.;true;3;A B jelű szakaszon 6 vezeték van.;;;
C0320;Q0070;D;5 vezeték.;false;4;Ez nem egyezik a forrással.;;;
C0321;Q0071;A;Minden fogyasztóra azonos nagyságú feszültség jut.;true;1;Ez a párhuzamos kapcsolás alapja.;;;
C0322;Q0071;B;A vezetékek keresztmetszete nem függ az áramerősségtől.;false;2;A keresztmetszetet az áramerősség igenis befolyásolja.;;;
C0323;Q0071;C;A párhuzamosan kapcsolt fogyasztók esetében csak egy áramutat alakítanak ki.;false;3;Párhuzamos kapcsolásnál több áramút van.;;;
C0324;Q0071;D;Párhuzamosan kapcsolt fogyasztók számának növelésével az eredő ohmos ellenállás növelhető.;false;4;Az eredő ellenállás csökken.;;;
C0325;Q0071;E;Párhuzamosan kapcsolt fogyasztók számának növelésével a hálózatból az áramfelvétel nő.;true;5;Ez a helyes állítás.;;;
C0326;Q0071;F;Kettő azonos nagyságú párhuzamosan kapcsolt fogyasztó esetén az egyes fogyasztók feszültsége a tápláló feszültség fele.;false;6;Párhuzamos kapcsolásnál mindkettőn teljes feszültség van.;;;
C0327;Q0071;G;Párhuzamosan kapcsolt fogyasztóknál, több áramút esetében, a lakáselosztó táblán legalább annyi túláramvédelmi eszközt kell elhelyezni, ahány áramút van kialakítva.;true;7;Ez helyes.;;;
C0328;Q0071;H;A párhuzamosan kapcsolt fogyasztók eredő ohmos ellenállása mindig kisebb a legkisebb ohmos ellenállás értékénél.;true;8;Ez helyes.;;;
C0329;Q0072;A;Védővezető csatlakoztatásra alkalmas berendezés.;false;1;II. osztályú berendezésnél ez nem igaz.;;;
C0330;Q0072;B;Földelni tilos.;true;2;Ez a helyes állítás.;;;
C0331;Q0072;C;Kettős négyzet által határolt négyzet jelöli.;true;3;Ez a jelölése.;;;
C0332;Q0072;D;Csak TN-C-S rendszerben használható.;false;4;Nem csak ebben a rendszerben használható.;;;
C0333;Q0072;E;Csak törpefeszültségű berendezés lehet.;false;5;Nem csak törpefeszültségű lehet.;;;
C0334;Q0072;F;Kisfeszültségű betáplálású berendezés lehet.;true;6;Ez helyes.;;;
C0335;Q0072;G;IP45 védettségi fokozatnál csak magasabb fokozatú lehet.;false;7;Ez nem a II. osztály meghatározása.;;;
C0336;Q0072;H;A megerősített szigeteléssel ellátott elektromos eszközöket is ide soroljuk.;true;8;Ez helyes.;;;
C0337;Q0073;A;Fémesen össze kell kötni az N és PE sínt.;false;1;A szétválasztás után nem ez a helyes megoldás.;;;
C0338;Q0073;B;Fémesen nem szabad összekötni az N és PE sínt.;true;2;Ez a helyes megállapítás.;;;
C0339;Q0073;C;Csak az ÁVK előtt szabad összekötni őket.;false;3;A kérdés az elosztótáblán belüli helyzetre vonatkozik, és itt nem így kell eljárni.;;;
C0340;Q0073;D;Az ÁVK működését ez nem befolyásolja.;false;4;Az összekötés igenis befolyásolná a működést.;;;
C0341;Q0074;A;7666 ohm.;true;1;30 mA esetén ez a határérték nagyságrendje.;;;
C0342;Q0074;B;230 ohm.;false;2;Ez nem helyes.;;;
C0343;Q0074;C;12,5 ohm.;false;3;Ez egy másik feladat értéke.;;;
C0344;Q0074;D;50 ohm.;false;4;Ez nem a megfelelő érték.;;;
C0345;Q0075;A;Teljes leválasztás.;true;1;Ez az első lépés.;;;
C0346;Q0075;B;Visszakapcsolás megakadályozása.;false;2;Ez későbbi lépés.;;;
C0347;Q0075;C;Földelés, rövidre zárás.;false;3;Ez később következik.;;;
C0348;Q0075;D;Feszültség nélküli állapot ellenőrzése.;false;4;Ez nem az első lépés.;;;
C0349;Q0076;A;Kétpólusú kapcsoló.;false;1;Ez nem a két billentyűs, két áramkörös megoldás.;;;
C0350;Q0076;B;Váltókapcsoló.;false;2;Ez más kapcsolótípus.;;;
C0351;Q0076;C;Két áramkörös, csillárkapcsoló.;true;3;Ez a helyes megnevezés.;;;
C0352;Q0076;D;Nyomógomb.;false;4;Ez nem ez a kapcsolótípus.;;;
C0353;Q0077;A;IΔn = 0,03 A az érzékenységet jelöli.;true;1;Ez a helyes jelölés.;;;
C0354;Q0077;B;AC az áramnemet jelöli.;true;2;Ez a helyes jelölés.;;;
C0355;Q0077;C;ABB a gyártót jelöli.;true;3;Ez a helyes jelölés.;;;
C0356;Q0077;D;25 A a névleges áramot jelöli.;true;4;Ez a helyes jelölés.;;;
C0357;Q0077;E;Im = 1000 A a maximális megszakítóképességet jelöli.;true;5;Ez a helyes jelölés.;;;
C0358;Q0077;F;Un = 230 V a névleges feszültséget jelöli.;true;6;Ez a helyes jelölés.;;;
C0359;Q0077;G;F 202 a típust jelöli.;true;7;Ez a helyes jelölés.;;;
C0360;Q0077;H;50 Hz a névleges frekvenciát jelöli.;false;8;Ez nem szerepel a forrásban.;;;
C0362;Q0078;B;Előkészületi munkák;false;1;;;;
C0364;Q0078;D;Nyomvonal kijelölése;false;2;;;;
C0366;Q0078;F;Horony- és fészekvésés;false;3;;;;
C0361;Q0078;A;Kötő- és szerelvénydobozok, beépítése;false;4;;;;
C0368;Q0078;H;Műanyag védőcsövek horonyba fektetése;false;5;;;;
C0369;Q0078;I;Hornyok elvakolása;false;6;;;;
C0367;Q0078;G;Vezetékek leszabása és behúzása;false;7;;;;
C0363;Q0078;C;Vezetékek azonosítása, kötések elkészítése;false;8;;;;
C0365;Q0078;E;Szerelői ellenőrzés, üzembe helyezés;false;9;;;;
C0370;Q0079;A;IΔn = 0,03 A;false;1;;left;C0377;
C0371;Q0079;B;AC;false;2;;left;C0378;
C0372;Q0079;C;ABB;false;3;;left;C0379;
C0373;Q0079;D;25 A;false;4;;left;C0380;
C0374;Q0079;E;Im = 1000 A;false;5;;left;C0381;
C0375;Q0079;F;Un = ~230 V;false;6;;left;C0382;
C0376;Q0079;G;F 202;false;7;;left;C0383;
C0377;Q0079;1;érzékenység;false;1;;right;;
C0378;Q0079;2;áramnem;false;2;;right;;
C0379;Q0079;3;gyártó;false;3;;right;;
C0380;Q0079;4;névleges áram;false;4;;right;;
C0381;Q0079;5;maximális megszakítóképesség;false;5;;right;;
C0382;Q0079;6;névleges feszültség;false;6;;right;;
C0383;Q0079;7;típus;false;7;;right;;
C0384;Q0080;A;Barna;false;1;;;;fázisvezető
C0385;Q0080;B;Fekete;false;2;;;;fázisvezető
C0386;Q0080;C;Szürke;false;3;;;;fázisvezető
C0387;Q0080;D;Kék;false;4;;;;nullavezető
C0388;Q0081;A;A zárlati szilárdságot, azaz a megszakítóképességet jelenti.;true;1;;;;
C0389;Q0081;B;A névleges áramerősséget jelenti.;false;2;;;;
C0390;Q0081;C;A kioldási karakterisztikát jelenti.;false;3;;;;
C0391;Q0081;D;A névleges feszültséget jelenti.;false;4;;;;
C0392;Q0083;A;Igaz.;true;1;;;;
C0393;Q0083;B;Hamis.;false;2;;;;
C0394;Q0084;A;Igaz.;false;1;;;;
C0395;Q0084;B;Hamis.;true;2;;;;
C0396;Q0085;A;Igaz.;false;1;;;;
C0397;Q0085;B;Hamis.;true;2;;;;
C0398;Q0086;A;Igaz.;false;1;;;;
C0399;Q0086;B;Hamis.;true;2;;;;
C0400;Q0087;A;Igaz.;true;1;;;;
C0401;Q0087;B;Hamis.;false;2;;;;
C0402;Q0088;A;Igaz.;true;1;;;;
C0403;Q0088;B;Hamis.;false;2;;;;
C0404;Q0089;A;Igaz.;false;1;;;;
C0405;Q0089;B;Hamis.;true;2;;;;
C0406;Q0090;A;Igaz.;false;1;;;;
C0407;Q0090;B;Hamis.;true;2;;;;
C0408;Q0080;E;Zöld-sárga;false;5;;;;védővezető
C0409;Q0091;A;Motorvezérlő központ;true;1;Ez látható a fotón.;;;
C0410;Q0091;B;Fogyasztásmérő szekrény;false;2;Ez másféle szekrény.;;;
C0411;Q0091;C;Kábelátvezető tömszelence;false;3;Ez egy kisebb szerelvény.;;;
C0412;Q0091;D;Kötődoboz;false;4;Ez egy egyszerűbb doboz.;;;
C0413;Q0092;A;Igaz.;true;1;;;;
C0414;Q0092;B;Hamis.;false;2;;;;
C0415;Q0093;A;a;false;1;;;;
C0416;Q0093;B;b;false;2;;;;
C0417;Q0093;C;c;false;3;;;;
C0418;Q0093;D;d;false;4;;;;
C0419;Q0093;E;e;true;5;;;;
C0420;Q0094;A;Előkészületi munkák, eszközök előkészítése, ellenőrzése;false;1;;;;
C0421;Q0094;B;Nyomvonal kijelölése;false;2;;;;
C0422;Q0094;C;Horony- és fészekvésés;false;3;;;;
C0423;Q0094;D;Kötő- és szerelvénydobozok beépítése;false;4;;;;
C0424;Q0094;E;Műanyag védőcsövek horonyba fektetése;false;5;;;;
C0425;Q0094;F;Hornyok elvakolása;false;6;;;;
C0426;Q0094;G;Vezetékek leszabása és behúzása;false;7;;;;
C0427;Q0094;H;Vezetékek azonosítása, kötések elkészítése;false;8;;;;
C0428;Q0094;I;Szerelői ellenőrzés, üzembe helyezés;false;9;;;;
C0429;Q0095;A;A kismegszakító névleges feszültsége 230/400 V váltakozó feszültség.;true;1;;;;
C0430;Q0095;B;A 6000 érték a zárlati szilárdságra utal.;true;2;;;;
C0431;Q0095;C;A kismegszakító névleges árama 10 A.;true;3;;;;
C0432;Q0095;D;A kismegszakító B kioldási karakterisztikájú.;true;4;;;;
C0433;Q0095;E;A CE jelölés a névleges áramerősséget mutatja.;false;5;;;;
C0434;Q0098;A;egyfázisú dugaszolóaljzat;false;1;;;;dugalj
C0435;Q0098;B;kettős egyfázisú dugaszolóaljzat;false;2;;;;dugalj
C0436;Q0098;C;hárompólusú kapcsoló;false;3;;;;kapcsoló
C0437;Q0098;D;nyomógomb;false;4;;;;kapcsoló
C0438;Q0098;E;mozgásérzékelős világítótest;false;5;;;;világítás
C0439;Q0098;F;fénycsöves lámpatest;false;6;;;;világítás
C0440;Q0099;A;váltókapcsoló;true;1;A rajzon a két váltókapcsoló látható.;;;
C0441;Q0099;B;kétpólusú kapcsoló;false;2;Ez más kapcsolótípus.;;;
C0442;Q0099;C;nyomógomb;false;3;A nyomógomb jelölése eltérő.;;;
C0443;Q0099;D;hárompólusú kapcsoló;false;4;Ez nem ez a rajzelem.;;;
C0444;Q0100;A;Igaz.;true;1;;;;
C0445;Q0100;B;Hamis.;false;2;;;;
C0446;Q0101;A;230 V;true;1;;;;
C0447;Q0101;B;400 V;false;2;;;;
C0448;Q0101;C;50 V;false;3;;;;
C0449;Q0101;D;12 V;false;4;;;;
C0450;Q0104;A;a motor névleges áramára;true;1;;;;
C0451;Q0104;B;a motor névleges áramának 1,2-szeresére;false;2;;;;
C0452;Q0104;C;a motor névleges áramának 0,8-szorosára;false;3;;;;
C0453;Q0104;D;a motor névleges áramának 2-szeresére;false;4;;;;
C0454;Q0105;A;védővezető csatlakoztatásra alkalmas berendezés;false;1;;;;
C0455;Q0105;B;földelni tilos;true;2;;;;
C0456;Q0105;C;kettős négyzet jelöli;true;3;;;;
C0457;Q0105;D;csak TN-C-S rendszerben használható;false;4;;;;
C0458;Q0105;E;csak törpefeszültségű berendezés lehet;false;5;;;;
C0459;Q0105;F;kisfeszültségű betáplálású berendezés lehet;true;6;;;;
C0460;Q0105;G;IP45 védettségi fokozatnál csak magasabb fokozatú lehet;false;7;;;;
C0461;Q0105;H;a megerősített szigeteléssel ellátott elektromos eszközöket is ide soroljuk;true;8;;;;
C0462;Q0106;A;Igaz.;true;1;;;;
C0463;Q0106;B;Hamis.;false;2;;;;
C0464;Q0107;A;azért, mert nem kell ebben a rendszerben védővezetőt használni;false;1;;;;
C0465;Q0107;B;azért, mert a hurokimpedancia maximális értéke nagy értékű lehet, és az áram-védőkapcsolón átvezetve a védővezetőt, az növeli a hibavédelem hatékonyságát;false;2;;;;
C0466;Q0107;C;azért, mert a hurokimpedancia maximális értéke nagy értékű lehet, és az áram-védőkapcsoló növeli a hibavédelem hatékonyságát;true;3;;;;
C0467;Q0107;D;azért, mert az áram-védőkapcsoló növeli a túláramvédelem hatékonyságát;false;4;;;;
C0468;Q0108;A;3.25;true;1;;;;
C0469;Q0108;B;2.50;false;2;;;;
C0470;Q0108;C;4.80;false;3;;;;
C0471;Q0108;D;6.00;false;4;;;;
C0472;Q0110;A;Igen, mert a mért érték kisebb a megengedettnél.;true;1;;;;
C0473;Q0110;B;Igen, mert a mért érték nagyobb a megengedettnél.;false;2;;;;
C0474;Q0110;C;Nem, mert a mért érték kisebb a megengedettnél.;false;3;;;;
C0475;Q0110;D;Nem, mert a mért érték nagyobb a megengedettnél.;false;4;;;;
C0476;Q0111;A;Teljes leválasztás;false;1;;;;
C0477;Q0111;B;Visszakapcsolás megakadályozása;false;2;;;;
C0478;Q0111;C;Feszültség nélküli állapot ellenőrzése;false;3;;;;
C0479;Q0111;D;Földelés, rövidre zárás;false;4;;;;
C0480;Q0111;E;Feszültség alatt maradó részek elhatárolása;false;5;;;;
C0481;Q0112;A;egyfázisú dugaszolóaljzat;false;1;;;;dugalj
C0482;Q0112;B;kettős egyfázisú dugaszolóaljzat;false;2;;;;dugalj
C0483;Q0112;C;hármas elosztó;false;3;;;;dugalj
C0484;Q0112;D;ötpólusú háromfázisú dugaszolóaljzat;false;4;;;;dugalj
C0485;Q0112;E;kétpólusú kapcsoló;false;5;;;;kapcsoló
C0486;Q0112;F;hárompólusú kapcsoló;false;6;;;;kapcsoló
C0487;Q0112;G;két áramkörös kapcsoló;false;7;;;;kapcsoló
C0488;Q0112;H;egy áramkörös világítótest;false;8;;;;világítás
C0489;Q0112;I;mozgásérzékelős világítótest;false;9;;;;világítás
C0490;Q0112;J;fénycsöves lámpatest;false;10;;;;világítás
C0491;Q0113;A;8;true;1;;;;
C0492;Q0113;B;7;false;2;;;;
C0493;Q0113;C;6;false;3;;;;
C0494;Q0113;D;9;false;4;;;;
C0495;Q0114;A;minőségi energiaszolgáltatás biztosítása;true;1;;;;
C0496;Q0114;B;a vezeték melegedésének és tűzveszélyének korlátozása;true;2;;;;
C0497;Q0114;C;gazdaságos keresztmetszet-választás;true;3;;;;
C0498;Q0114;D;a kapcsolók számának növelése;false;4;;;;
C0499;Q0114;E;a vezeték színjelölésének egységesítése;false;5;;;;
C0500;Q0115;A;Kiszámítjuk a fogyasztók teljesítményfelvételét.;false;1;;;;
C0501;Q0115;B;Meghatározzuk a hálózatot terhelő áramerősséget.;false;2;;;;
C0502;Q0115;C;Kiszámítjuk a megengedett feszültségesés fázisértékét.;false;3;;;;
C0503;Q0115;D;Meghatározzuk a szükséges keresztmetszetet.;false;4;;;;
C0504;Q0115;E;Kiválasztjuk a következő nagyobb szabványos keresztmetszetet.;false;5;;;;
C0505;Q0116;A;vakolat alatti védőcsőbe húzott egyszerű vezeték;false;1;;;;A
C0506;Q0116;B;5 db egyszerű vezeték szabadon szerelt védőcsőben;false;2;;;;A
C0507;Q0116;C;9 db egyszerű vezeték kötegelve szerelt állapotban;false;3;;;;A
C0508;Q0116;D;vakolatba fektetett vagy falra ragasztott vezeték;false;4;;;;B
C0509;Q0116;E;egyszerű vezeték szabadon szerelve;false;5;;;;C
C0510;Q0116;F;5 db egyszerű vezeték szabadon szerelt védőcsőben, ha 10 mm távolságra több védőcső vagy csatorna halad párhuzamosan;false;6;;;;B
C0511;Q0117;A;A táppontot a fogyasztóval közvetlenül összekötő vezeték, amelyen csak a végén van terhelés.;true;1;;;;
C0512;Q0117;B;Olyan vezeték, amelynek közbenső pontjain is több fogyasztó csatlakozhat.;false;2;;;;
C0513;Q0117;C;A fogyasztói készülékek belső összekötő vezetéke.;false;3;;;;
C0514;Q0117;D;Csak védőföldelésre szolgáló vezeték.;false;4;;;;
C0515;Q0118;A;gL/gG;false;1;;left;C0519;
C0516;Q0118;B;aM/gM;false;2;;left;C0520;
C0517;Q0118;C;gR/aR;false;3;;left;C0521;
C0518;Q0118;D;gTr;false;4;;left;C0522;
C0519;Q0118;1;vezetékek;false;1;;right;;
C0520;Q0118;2;motorok;false;2;;right;;
C0521;Q0118;3;félvezetők;false;3;;right;;
C0522;Q0118;4;transzformátorok;false;4;;right;;
C0523;Q0119;A;A hibás berendezésrész kapcsolódjon ki, a többi maradjon üzemben.;true;1;;;;
C0524;Q0119;B;Minden készülék egyszerre kapcsoljon le túlterheléskor.;false;2;;;;
C0525;Q0119;C;A védelmek azonos karakterisztikáját jelenti.;false;3;;;;
C0526;Q0119;D;A vezetékszín szerinti elkülönítést.;false;4;;;;
C0527;Q0120;A;true;true;1;;;;
C0528;Q0120;B;false;false;2;;;;
C0529;Q0121;A;felfogó;false;1;;;;
C0530;Q0121;B;levezető;false;2;;;;
C0531;Q0121;C;földelő;false;3;;;;
C0532;Q0122;A;1. osztályú;false;1;;left;C0535;
C0533;Q0122;B;2. osztályú;false;2;;left;C0536;
C0534;Q0122;C;3. osztályú;false;3;;left;C0537;
C0535;Q0122;1;nagy energiájú részvillámáramok levezetése;false;1;;right;;
C0536;Q0122;2;energiájuktól megfosztott túlfeszültségek korlátozása;false;2;;right;;
C0537;Q0122;3;további korlátozás, finomvédelem;false;3;;right;;
C0538;Q0123;A;true;false;1;;;;
C0539;Q0123;B;false;true;2;;;;
C0540;Q0125;A;fogyasztásmérő szekrény;false;1;;left;C0545;
C0541;Q0125;B;energiaelosztó szekrény;false;2;;left;C0546;
C0542;Q0125;C;motorvezérlő központ (MCC);false;3;;left;C0547;
C0543;Q0125;D;rackrendszerű szekrény;false;4;;left;C0548;
C0544;Q0125;E;túlnyomásos szekrény;false;5;;left;C0549;
C0545;Q0125;1;moduláris, zárópecsételhető, mérőállás leolvasható;false;1;;right;;
C0546;Q0125;2;125 A és 6300 A közötti energiaelosztás;false;2;;right;;
C0547;Q0125;3;fiókszerű, hot-swappable modulok;false;3;;right;;
C0548;Q0125;4;"19""-os vázas, 1U egységben mérhető";false;4;;right;;
C0549;Q0125;5;Ex p, öblítő- és nyomásfokozó egységgel;false;5;;right;;
C0550;Q0126;A;a napsugárzás, a hőterhelés és a mechanikai igénybevétel is számít;true;1;;;;
C0551;Q0126;B;az IP a vezetékek keresztmetszetét jelöli;false;2;;;;
C0552;Q0126;C;kültérre csak műanyag szekrény építhető;false;3;;;;
C0553;Q0126;D;az IP csak beltérben használható;false;4;;;;
C0554;Q0127;A;true;true;1;;;;
C0555;Q0127;B;false;false;2;;;;
C0556;Q0128;A;a villámáram behatolásának megakadályozása a védett térbe;true;1;;;;
C0557;Q0128;B;a vezetékek színének egységesítése;false;2;;;;
C0558;Q0128;C;a kismegszakítók gyorsabb kioldása;false;3;;;;
C0559;Q0128;D;a fogyasztásmérő hely kialakítása;false;4;;;;
C0560;Q0129;A;true;true;1;;;;
C0561;Q0129;B;false;false;2;;;;
C0562;Q0130;A;erőművek, hálózati összeköttetések és állomások;true;1;;;;
C0563;Q0130;B;csak a fogyasztók és a kapcsolók;false;2;;;;
C0564;Q0130;C;relék, biztosítók és lámpatestek;false;3;;;;
C0565;Q0130;D;dugaljak, lámpák és kapcsolók;false;4;;;;
C0566;Q0131;A;true;true;1;;;;
C0567;Q0131;B;false;false;2;;;;
C0568;Q0132;A;MSZ 447;true;1;;;;
C0569;Q0132;B;MSZ EN 60204-1;false;2;;;;
C0570;Q0132;C;MSZ EN 61439;false;3;;;;
C0571;Q0132;D;MSZ EN 62305;false;4;;;;
C0572;Q0133;A;true;true;1;;;;
C0573;Q0133;B;false;false;2;;;;
C0574;Q0134;A;1%;true;1;;;;
C0575;Q0134;B;2%;false;2;;;;
C0576;Q0134;C;3%;false;3;;;;
C0577;Q0134;D;5%;false;4;;;;
C0578;Q0135;A;true;true;1;;;;
C0579;Q0135;B;false;false;2;;;;
C0580;Q0136;A;6 lakás és 20 kW;true;1;;;;
C0581;Q0136;B;8 lakás és 25 kW;false;2;;;;
C0582;Q0136;C;10 lakás és 30 kW;false;3;;;;
C0583;Q0136;D;4 lakás és 16 kW;false;4;;;;
C0584;Q0137;A;true;true;1;;;;
C0585;Q0137;B;false;false;2;;;;
C0586;Q0138;A;Falon kívüli vagy süllyesztett, fém vagy nehezen éghető anyagból;true;1;;;;
C0587;Q0138;B;Csak falba süllyesztett, mindig műanyagból;false;2;;;;
C0588;Q0138;C;Csak kültéri, mindig alumíniumból;false;3;;;;
C0589;Q0138;D;Csak beltéri, mindig üvegből;false;4;;;;
C0590;Q0139;A;true;true;1;;;;
C0591;Q0139;B;false;false;2;;;;
C0592;Q0140;A;logikai, teljesítmény-, elhelyezkedés- és karbantarthatósági;true;1;;;;
C0593;Q0140;B;csak esztétikai;false;2;;;;
C0594;Q0140;C;csak színezési;false;3;;;;
C0595;Q0140;D;csak költségszerinti;false;4;;;;
C0596;Q0141;A;true;true;1;;;;
C0597;Q0141;B;false;false;2;;;;
C0598;Q0142;A;Külön áramkörről célszerű működniük;true;1;;;;
C0599;Q0142;B;Mindig ugyanarra a világítási körre kell őket kötni;false;2;;;;
C0600;Q0142;C;A dugalj körbe kell őket kötelezően kötni;false;3;;;;
C0601;Q0142;D;Csak soros kapcsolásban használhatók;false;4;;;;
C0602;Q0143;A;true;true;1;;;;
C0603;Q0143;B;false;false;2;;;;
C0604;Q0144;A;IP20;true;1;;;;
C0605;Q0144;B;IP44;false;2;;;;
C0606;Q0144;C;IP54;false;3;;;;
C0607;Q0144;D;IP67;false;4;;;;
C0608;Q0145;A;true;true;1;;;;
C0609;Q0145;B;false;false;2;;;;
C0610;Q0146;A;túlterhelési áram és zárlati áram;true;1;;;;
C0611;Q0146;B;feszültségesés és áramingadozás;false;2;;;;
C0612;Q0146;C;hőveszteség és villámáram;false;3;;;;
C0613;Q0146;D;szivárgóáram és indukáltáram;false;4;;;;
C0614;Q0147;A;true;true;1;;;;
C0615;Q0147;B;false;false;2;;;;
C0616;Q0148;A;Elhajlik és nyitja az áramkört;true;1;;;;
C0617;Q0148;B;Mágnesesen zárja az áramkört;false;2;;;;
C0618;Q0148;C;Csak mérőáramkört nyit;false;3;;;;
C0619;Q0148;D;Nem reagál a melegedésre;false;4;;;;
C0620;Q0149;A;true;true;1;;;;
C0621;Q0149;B;false;false;2;;;;
C0622;Q0150;A;50 V AC és 120 V DC;true;1;;;;
C0623;Q0150;B;230 V AC és 400 V DC;false;2;;;;
C0624;Q0150;C;24 V AC és 48 V DC;false;3;;;;
C0625;Q0150;D;12 V AC és 24 V DC;false;4;;;;
C0626;Q0151;A;true;true;1;;;;
C0627;Q0151;B;false;false;2;;;;
C0628;Q0152;A;Kiegészítő vagy megerősített szigeteléssel rendelkezik, védőkapocs nélkül;true;1;;;;
C0629;Q0152;B;Mindig szükséges hozzá külön PE vezető;false;2;;;;
C0630;Q0152;C;Csak törpefeszültségről működik;false;3;;;;
C0631;Q0152;D;Csak fémházas lehet;false;4;;;;
C0632;Q0153;A;true;true;1;;;;
C0633;Q0153;B;false;false;2;;;;
C0634;Q0154;A;50 V;true;1;;;;
C0635;Q0154;B;120 V;false;2;;;;
C0636;Q0154;C;230 V;false;3;;;;
C0637;Q0154;D;400 V;false;4;;;;
C0638;Q0155;A;true;true;1;;;;
C0639;Q0155;B;false;false;2;;;;
C0640;Q0156;A;RA × Ia ≤ 50 V;true;1;;;;
C0641;Q0156;B;RA × Ia ≥ 230 V;false;2;;;;
C0642;Q0156;C;RA + Ia ≤ 50 V;false;3;;;;
C0643;Q0156;D;RA / Ia ≤ 50 V;false;4;;;;
C0644;Q0157;A;true;true;1;;;;
C0645;Q0157;B;false;false;2;;;;
C0646;Q0158;A;Nem önálló hibavédelmi mód, hanem hatékonyságnövelő eszköz;true;1;;;;
C0647;Q0158;B;Önállóan minden esetben elég a védelemhez;false;2;;;;
C0648;Q0158;C;Csak túláramvédelemre való;false;3;;;;
C0649;Q0158;D;Csak világítási körökben használható;false;4;;;;
C0650;Q0159;A;true;true;1;;;;
C0651;Q0159;B;false;false;2;;;;
C0652;Q0160;A;Védővezető gerincvezetéket, földelővezetőket és fém szerkezeteket;true;1;;;;
C0653;Q0160;B;Csak a lámpatesteket;false;2;;;;
C0654;Q0160;C;Csak a nulla vezetőt;false;3;;;;
C0655;Q0160;D;Csak a biztosítók előtti szakaszt;false;4;;;;
C0656;Q0161;A;true;true;1;;;;
C0657;Q0161;B;false;false;2;;;;
C0658;Q0162;A;felfogó, levezető és földelő;true;1;;;;
C0659;Q0162;B;kapcsoló, biztosító és relé;false;2;;;;
C0660;Q0162;C;N, PE és PEN;false;3;;;;
C0661;Q0162;D;lámpa, dugalj és kapcsoló;false;4;;;;
C0662;Q0163;A;true;true;1;;;;
C0663;Q0163;B;false;false;2;;;;
C0664;Q0164;A;1., 2. és 3. osztály;true;1;;;;
C0665;Q0164;B;A, B és C betűs fokozat;false;2;;;;
C0666;Q0164;C;TN, TT és IT;false;3;;;;
C0667;Q0164;D;gL/gG, aM/gM és gR/aR;false;4;;;;
C0668;Q0165;A;true;true;1;;;;
C0669;Q0165;B;false;false;2;;;;
C0670;Q0166;A;csillag, delta és zegzug;true;1;;;;
C0671;Q0166;B;egypólusú, kétpólusú és hárompólusú;false;2;;;;
C0672;Q0166;C;soros, párhuzamos és vegyes;false;3;;;;
C0673;Q0166;D;felfogó, levezető és földelő;false;4;;;;
C0674;Q0167;A;true;true;1;;;;
C0675;Q0167;B;false;false;2;;;;
C0676;Q0168;A;kalickás és csúszógyűrűs;true;1;;;;
C0677;Q0168;B;egyenáramú és szinkron;false;2;;;;
C0678;Q0168;C;soros és párhuzamos;false;3;;;;
C0679;Q0168;D;lépcsős és induktív;false;4;;;;
C0680;Q0169;A;true;true;1;;;;
C0681;Q0169;B;false;false;2;;;;
C0682;Q0170;A;A relé gyengeáramú, a mágneskapcsoló erősáramú alkalmazásra való;true;1;;;;
C0683;Q0170;B;A relé erősáramú, a mágneskapcsoló gyengeáramú;false;2;;;;
C0684;Q0170;C;Mindkettő kizárólag világításra való;false;3;;;;
C0685;Q0170;D;Mindkettő csak egyenáramban használható;false;4;;;;
C0686;Q0171;A;true;true;1;;;;
C0687;Q0171;B;false;false;2;;;;
C0688;Q0172;A;Az anód és a katód között;true;1;;;;
C0689;Q0172;B;A PE és N vezető között;false;2;;;;
C0690;Q0172;C;A felfogó és a földelő között;false;3;;;;
C0691;Q0172;D;A kapcsoló és a biztosító között;false;4;;;;
C0692;Q0173;A;true;true;1;;;;
C0693;Q0173;B;false;false;2;;;;
C0694;Q0174;A;A megszakítási áram nagysága szerint;true;1;;;;
C0695;Q0174;B;Csak a színük szerint;false;2;;;;
C0696;Q0174;C;Csak a méretük szerint;false;3;;;;
C0697;Q0174;D;Csak a gyártási évük szerint;false;4;;;;
C0698;Q0175;A;true;true;1;;;;
C0699;Q0175;B;false;false;2;;;;
C0700;Q0176;A;Egy helyről kapcsol egy világítási kört, a fázist szakítja meg;true;1;;;;
C0701;Q0176;B;Mindkét pólust egyszerre szakítja nedves helyiségben;false;2;;;;
C0702;Q0176;C;Három fázist kapcsol egyszerre;false;3;;;;
C0703;Q0176;D;Két külön világítási kört vezérel távolról;false;4;;;;
C0704;Q0177;A;true;true;1;;;;
C0705;Q0177;B;false;false;2;;;;
C0706;Q0178;A;A nulla és a fázis egyszerre történő megszakítására alkalmas;true;1;;;;
C0707;Q0178;B;Csak a védővezetőt szakítja meg;false;2;;;;
C0708;Q0178;C;Csak háromfázisú motorok indítására való;false;3;;;;
C0709;Q0178;D;Csak jelzőfényekkel használható;false;4;;;;
C0710;Q0179;A;true;true;1;;;;
C0711;Q0179;B;false;false;2;;;;
C0712;Q0180;A;Osztott lámpatestek vagy két világítási áramkör kapcsolása;true;1;;;;
C0713;Q0180;B;Három fázis egyidejű kapcsolása;false;2;;;;
C0714;Q0180;C;Csak a védővezető kapcsolása;false;3;;;;
C0715;Q0180;D;Kismegszakító tesztelése;false;4;;;;
C0716;Q0181;A;true;true;1;;;;
C0717;Q0181;B;false;false;2;;;;
C0718;Q0182;A;Egy világítási kör két helyről való kapcsolására szolgál;true;1;;;;
C0719;Q0182;B;Csak csillárokhoz használható;false;2;;;;
C0720;Q0182;C;Csak háromfázisú körben működik;false;3;;;;
C0721;Q0182;D;Csak a fázis előtti biztosítót kapcsolja;false;4;;;;
C0722;Q0183;A;true;true;1;;;;
C0723;Q0183;B;false;false;2;;;;
C0724;Q0184;A;Három vagy több helyről vezérelt világítási körökben;true;1;;;;
C0725;Q0184;B;Csak egyetlen nyomógombhoz;false;2;;;;
C0726;Q0184;C;Csak zárlatvédelemre;false;3;;;;
C0727;Q0184;D;Csak fogyasztásmérő előtt;false;4;;;;
C0728;Q0185;A;true;true;1;;;;
C0729;Q0185;B;false;false;2;;;;
C0730;Q0186;A;Minőségi energiaszolgáltatás, biztonság és gazdaságosság miatt;true;1;;;;
C0731;Q0186;B;Csak esztétikai okból;false;2;;;;
C0732;Q0186;C;Csak a színkódok miatt;false;3;;;;
C0733;Q0186;D;Csak a relék miatt;false;4;;;;
C0734;Q0187;A;true;true;1;;;;
C0735;Q0187;B;false;false;2;;;;
C0736;Q0188;A;Teljesítmény, áram, megengedett feszültségesés, keresztmetszet, szabványos keresztmetszet;true;1;;;;
C0737;Q0188;B;Csak a keresztmetszet, aztán a teljesítmény;false;2;;;;
C0738;Q0188;C;Csak a biztosíték, aztán a feszültség;false;3;;;;
C0739;Q0188;D;Csak a hőmérséklet és a színjelölés;false;4;;;;
C0740;Q0189;A;true;true;1;;;;
C0741;Q0189;B;false;false;2;;;;
C0742;Q0190;A;A, B és C;true;1;;;;
C0743;Q0190;B;1, 2 és 3;false;2;;;;
C0744;Q0190;C;X, Y és Z;false;3;;;;
C0745;Q0190;D;L, N és PE;false;4;;;;
C0746;Q0191;A;true;true;1;;;;
C0747;Q0191;B;false;false;2;;;;
C0748;Q0192;A;A táppontot a fogyasztóval közvetlenül köti össze, és csak a végén van terhelés;true;1;;;;
C0749;Q0192;B;Közbenső pontjain is több fogyasztót táplál;false;2;;;;
C0750;Q0192;C;Csak földelésre szolgál;false;3;;;;
C0751;Q0192;D;Csak világítási jelzésekre való;false;4;;;;
C0752;Q0193;A;true;true;1;;;;
C0753;Q0193;B;false;false;2;;;;
C0754;Q0194;A;Az adott áramkör névleges áramát meghaladó áram;true;1;;;;
C0755;Q0194;B;Bármilyen áram, ami a fázisban folyik;false;2;;;;
C0756;Q0194;C;Csak a nulla vezetőn folyó áram;false;3;;;;
C0757;Q0194;D;Csak a földelőáram;false;4;;;;
C0758;Q0195;A;true;true;1;;;;
C0759;Q0195;B;false;false;2;;;;
C0760;Q0196;A;Lehetőleg csak a hibás berendezésrész kapcsolódjon ki;true;1;;;;
C0761;Q0196;B;Minden berendezés egyszerre kapcsoljon le;false;2;;;;
C0762;Q0196;C;A vezetékek színjelölése legyen egységes;false;3;;;;
C0763;Q0196;D;Csak a nullavezető szakadjon meg;false;4;;;;
C0764;Q0197;A;true;true;1;;;;
C0765;Q0197;B;false;false;2;;;;
C0766;Q0198;A;gL/gG vezetékekhez, aM/gM motorokhoz;true;1;;;;
C0767;Q0198;B;gL/gG motorokhoz, aM/gM vezetékekhez;false;2;;;;
C0768;Q0198;C;gR/aR vezetékekhez, gTr motorokhoz;false;3;;;;
C0769;Q0198;D;csak mindegyik világításhoz való;false;4;;;;
C0770;Q0199;A;true;true;1;;;;
C0771;Q0199;B;false;false;2;;;;
C0772;Q0200;A;A villámáram biztonságos levezetése a felfogótól a földelőig;true;1;;;;
C0773;Q0200;B;A kismegszakítók gyorsabb leoldása;false;2;;;;
C0774;Q0200;C;A vezetékek keresztmetszetének növelése;false;3;;;;
C0775;Q0200;D;A fogyasztásmérő hely ellenőrzése;false;4;;;;
C0776;Q0201;A;true;true;1;;;;
C0777;Q0201;B;false;false;2;;;;
C0778;Q0202;A;1., 2. és 3. osztály;true;1;;;;
C0779;Q0202;B;A, B és C típus;false;2;;;;
C0780;Q0202;C;TN, TT és IT;false;3;;;;
C0781;Q0202;D;gL, gG és aM;false;4;;;;
C0782;Q0203;A;true;true;1;;;;
C0783;Q0203;B;false;false;2;;;;
C0784;Q0204;A;Az LPZ 0/1 zónahatáron;true;1;;;;
C0785;Q0204;B;A villanyóra belsejében;false;2;;;;
C0786;Q0204;C;A dugaljak mögött;false;3;;;;
C0787;Q0204;D;Csak a tetőn kívül;false;4;;;;
C0788;Q0205;A;true;true;1;;;;
C0789;Q0205;B;false;false;2;;;;
C0790;Q0206;A;fogyasztásmérő, energiaelosztó, MCC és rackrendszerű szekrény;true;1;;;;
C0791;Q0206;B;csak dugaljak és kapcsolók;false;2;;;;
C0792;Q0206;C;csak biztosítók és relék;false;3;;;;
C0793;Q0206;D;csak lámpatestek és sodrott vezetékek;false;4;;;;
C0794;Q0207;A;true;true;1;;;;
C0795;Q0207;B;false;false;2;;;;
C0796;Q0208;A;44,45 mm;true;1;;;;
C0797;Q0208;B;17,5 mm;false;2;;;;
C0798;Q0208;C;25 mm;false;3;;;;
C0799;Q0208;D;50 mm;false;4;;;;
C0800;Q0209;A;true;true;1;;;;
C0801;Q0209;B;false;false;2;;;;
C0802;Q0210;A;Mert a napsugárzás, hőterhelés és mechanikai igénybevétel is számít;true;1;;;;
C0803;Q0210;B;Mert a kültéri szekrény csak beltérben használható;false;2;;;;
C0804;Q0210;C;Mert az IP minden esetben fölösleges;false;3;;;;
C0805;Q0210;D;Mert a szekrényeknek nincs hőterhelésük;false;4;;;;
C0806;Q0211;A;true;true;1;;;;
C0807;Q0211;B;false;false;2;;;;
C0808;Q0212;A;csillag, delta és zegzug;true;1;;;;
C0809;Q0212;B;egypólusú, kétpólusú és hárompólusú;false;2;;;;
C0810;Q0212;C;soros, párhuzamos és vegyes;false;3;;;;
C0811;Q0212;D;felfogó, levezető és földelő;false;4;;;;
C0812;Q0213;A;true;true;1;;;;
C0813;Q0213;B;false;false;2;;;;
C0814;Q0214;A;kalickás és csúszógyűrűs;true;1;;;;
C0815;Q0214;B;egyenáramú és szinkron;false;2;;;;
C0816;Q0214;C;soros és párhuzamos;false;3;;;;
C0817;Q0214;D;lépcsős és induktív;false;4;;;;
C0818;Q0215;A;true;true;1;;;;
C0819;Q0215;B;false;false;2;;;;
C0820;Q0216;A;Az anód és a katód között;true;1;;;;
C0821;Q0216;B;A PE és N vezető között;false;2;;;;
C0822;Q0216;C;A felfogó és a földelő között;false;3;;;;
C0823;Q0216;D;A kapcsoló és a biztosító között;false;4;;;;
C1088;Q0305;A;true;true;1;;;;
C1089;Q0305;B;false;false;2;;;;
C1090;Q0306;A;erőművek, hálózati összeköttetések és állomások;true;1;;;;
C1091;Q0306;B;csak a fogyasztók és a kapcsolók;false;2;;;;
C1092;Q0306;C;relék, biztosítók és lámpatestek;false;3;;;;
C1093;Q0306;D;dugaljak, lámpák és kapcsolók;false;4;;;;
C1094;Q0307;A;true;true;1;;;;
C1095;Q0307;B;false;false;2;;;;
C1096;Q0308;A;MSZ 447:2009;true;1;;;;
C1097;Q0308;B;MSZ EN 60204-1;false;2;;;;
C1098;Q0308;C;MSZ EN 61439;false;3;;;;
C1099;Q0308;D;MSZ EN 62305;false;4;;;;
C1100;Q0309;A;true;true;1;;;;
C1101;Q0309;B;false;false;2;;;;
C1102;Q0310;A;1%;true;1;;;;
C1103;Q0310;B;2%;false;2;;;;
C1104;Q0310;C;3%;false;3;;;;
C1105;Q0310;D;5%;false;4;;;;
C1106;Q0311;A;true;true;1;;;;
C1107;Q0311;B;false;false;2;;;;
C1108;Q0312;A;6 lakás és 20 kW;true;1;;;;
C1109;Q0312;B;8 lakás és 25 kW;false;2;;;;
C1110;Q0312;C;10 lakás és 30 kW;false;3;;;;
C1111;Q0312;D;4 lakás és 16 kW;false;4;;;;
C1112;Q0313;A;true;true;1;;;;
C1113;Q0313;B;false;false;2;;;;
C1114;Q0314;A;Mechanikai védelmet és jelzőszalagot kell alkalmazni;true;1;;;;
C1115;Q0314;B;A kábelt védelem nélkül kell hagyni;false;2;;;;
C1116;Q0314;C;Csak festett jelölés elég;false;3;;;;
C1117;Q0314;D;Jelzőszalag helyett csavaros kötés kell;false;4;;;;
C1118;Q0315;A;true;true;1;;;;
C1119;Q0315;B;false;false;2;;;;
C1120;Q0316;A;1 méter;true;1;;;;
C1121;Q0316;B;0,5 méter;false;2;;;;
C1122;Q0316;C;0,7 méter;false;3;;;;
C1123;Q0316;D;1,5 méter;false;4;;;;
C1124;Q0317;A;true;true;1;;;;
C1125;Q0317;B;false;false;2;;;;
C1126;Q0318;A;A fektetési mélység felénél, de minimum 30 cm-re a kábeltől;true;1;;;;
C1127;Q0318;B;Közvetlenül a kábel alatt;false;2;;;;
C1128;Q0318;C;A kábel mellé, oldalt;false;3;;;;
C1129;Q0318;D;A burkolat belsejébe;false;4;;;;
C1130;Q0319;A;true;true;1;;;;
C1131;Q0319;B;false;false;2;;;;
C1132;Q0320;A;Mérések, feszültségpróba és vizsgálati jegyzőkönyv;true;1;;;;
C1133;Q0320;B;Csak vizuális ellenőrzés;false;2;;;;
C1134;Q0320;C;Csak a kábel festése;false;3;;;;
C1135;Q0320;D;Csak a dob visszahúzása;false;4;;;;
C1136;Q0321;A;true;true;1;;;;
C1137;Q0321;B;false;false;2;;;;
C1138;Q0322;A;Logikai, teljesítmény-, elhelyezkedés- és karbantarthatósági;true;1;;;;
C1139;Q0322;B;Csak esztétikai;false;2;;;;
C1140;Q0322;C;Csak színezési;false;3;;;;
C1141;Q0322;D;Csak költségszerinti;false;4;;;;
C1142;Q0323;A;true;true;1;;;;
C1143;Q0323;B;false;false;2;;;;
C1144;Q0324;A;A különálló áramkörök biztosítása és szelektív lekapcsolhatósága;true;1;;;;
C1145;Q0324;B;Csak a vezetékek színezése;false;2;;;;
C1146;Q0324;C;A fogyasztásmérő hitelesítése;false;3;;;;
C1147;Q0324;D;A kábelkötegek árnyékolása;false;4;;;;
C1148;Q0325;A;true;true;1;;;;
C1149;Q0325;B;false;false;2;;;;
C1150;Q0326;A;A PE és N vezetőket tilos újra összekötni;true;1;;;;
C1151;Q0326;B;A PE és N vezetők végig közösek maradnak;false;2;;;;
C1152;Q0326;C;Csak egyenáramú körben használható;false;3;;;;
C1153;Q0326;D;Nem alkalmazható védővezető;false;4;;;;
C1154;Q0327;A;true;true;1;;;;
C1155;Q0327;B;false;false;2;;;;
C1156;Q0328;A;A csatlakozóvezeték fogadása és az első túláramvédelmi készülék elhelyezése;true;1;;;;
C1157;Q0328;B;A fogyasztók esztétikai fedése;false;2;;;;
C1158;Q0328;C;Csak a világítási körök színkódolása;false;3;;;;
C1159;Q0328;D;A mérőeszközök kalibrálása;false;4;;;;
C1160;Q0329;A;Vezetékfolytonosság ellenőrzése (PE-vezeték folytonosságának ellenőrzése);false;1;;;;
C1161;Q0329;B;Szigetelési ellenállás mérése;false;2;;;;
C1162;Q0329;C;Vezetékfelcserélés vizsgálata az egyes fogyasztóknál (polaritásvizsgálat);false;3;;;;
C1163;Q0329;D;Hibahelyi hurokimpedancia mérése;false;4;;;;
C1164;Q0329;E;Kiegészitő védelem hatásosságának vizsgálata (pl. ÁVK);false;5;;;;
C1165;Q0329;F;Feszültségesés ellenőrzése;false;6;;;;
C1166;Q0329;G;Működés ellenőrzése;false;7;;;;
C1167;Q0330;A;13;false;1;;;;
C1168;Q0330;B;11;false;2;;;;
C1169;Q0330;C;9;true;3;;;;
C1170;Q0330;D;7;false;4;;;;
C1171;Q0331;A;0;true;1;;;;
C1172;Q0331;B;1;false;2;;;;
C1173;Q0331;C;2;false;3;;;;
C1174;Q0331;D;3;false;4;;;;
C1175;Q0332;A;1;false;1;;;;
C1176;Q0332;B;2;false;2;;;;
C1177;Q0332;C;3;true;3;;;;
C1178;Q0332;D;4;false;4;;;;
C1179;Q0333;A;A kismegszakító két pólusú;true;1;;;;
C1180;Q0333;B;Két kismegszakító van a képen;false;2;;;;
C1181;Q0333;C;A kiselosztóban nincs áram-védőkapcsoló;false;3;;;;
C1182;Q0333;D;A kiselosztó háromfázisú;false;4;;;;
C1183;Q0334;A;I. ÉV osztály, mert 230V a névleges feszültsége;false;1;;;;
C1184;Q0334;B;II. ÉV osztály;true;2;;;;
C1185;Q0334;C;III. ÉV osztály, mert a kimeneti feszültsége 12V;false;3;;;;
C1186;Q0334;D;Az ÉV osztály nincs megadva;false;4;;;;
C1187;Q0335;A;A kialakítás nem megfelelő, mert az áram-védőkapcsoló névleges árama nagyobb, mint a kismegszakító névleges árama.;false;1;;;;
C1188;Q0335;B;A kialakítás akkor lenne megfelelő, ha a kismegszakító névleges árama és az áram-védőkapcsoló névleges árama azonos.;false;2;;;;
C1189;Q0335;C;A kialakítás akkor lenne megfelelő, ha a kismegszakító névleges árama nagyobb, mint az áram-védőkapcsoló névleges árama.;false;3;;;;
C1190;Q0335;D;A kialakítás megfelelő.;true;4;;;;
C1191;Q0336;A;U=46V;false;1;;;;
C1192;Q0336;B;U=92V;false;2;;;;
C1193;Q0336;C;U=203V;false;3;;;;
C1194;Q0336;D;U=230V;true;4;;;;
C1195;Q0336;E;U=460V;false;5;;;;
C1196;Q0337;A;Rögzített szerelésre alkalmas;true;1;;;;
C1197;Q0337;B;Halogén mentes vezeték;false;2;;;;
C1198;Q0337;C;Tűzálló vezeték;false;3;;;;
C1199;Q0337;D;Alkalmas közvetlen talajba fektetésre;false;4;;;;
C1200;Q0338;A;a kábel Z/S színezésű vezetékének keresztmetszete 95mm2;true;1;;;;
C1201;Q0338;B;a kábel árnyékolt;false;2;;;;
C1202;Q0338;C;a kábelben öt vezető ér található;false;3;;;;
C1203;Q0338;D;a kábel vezetője réz;false;4;;;;
C1204;Q0339;A;kétáramkörös kapcsoló;true;1;;;;
C1205;Q0339;B;kétsarkú kapcsoló;false;2;;;;
C1206;Q0339;C;váltó kapcsoló;false;3;;;;
C1207;Q0339;D;keresztkapcsoló;false;4;;;;
C1208;Q0340;A;a csatlakozás nem megfelelő, mert a fém burkolatot védővezetőhöz kell csatlakoztatni;false;1;;;;
C1209;Q0340;B;a csatlakozás megfelelő;true;2;;;;
C1210;Q0340;C;a csatlakozás nem megfelelő, mert nem áll rendelkezésre a zöld-sárga vezető;false;3;;;;
C1211;Q0340;D;a fekete szín nem megfelelő, mert a fázisvezetőnek barna színűnek kellene lennie;false;4;;;;
C1212;Q0341;A;nem megfelelő, mert a mért feszültség nagyobb a névlegesnél;false;1;;;;
C1213;Q0341;B;nem megfelelő, mert a mért feszültség nagyobb, mint a törpefeszültség;false;2;;;;
C1214;Q0341;C;a mérési adatok alapján a transzformátor megfelelő.;true;3;;;;
C1215;Q0342;A;üresjárás;true;1;;;;
C1216;Q0342;B;terhelés;false;2;;;;
C1217;Q0342;C;rövidzárás;false;3;;;;
C1218;Q0342;D;illesztés;false;4;;;;
C1219;Q0343;A;a kábel hosszától;true;1;;;;
C1220;Q0343;B;a kábel vezető anyagától;false;2;;;;
C1221;Q0343;C;a kábel érszerkezetétől (tömör vagy sodrat);false;3;;;;
C1222;Q0343;D;a kábel környezetétől (például levegő vagy talaj);false;4;;;;
C1223;Q0344;A;H07VV-F;false;1;;;;
C1224;Q0344;B;H07RN-F;true;2;;;;
C1225;Q0344;C;NYY-J;false;3;;;;
C1226;Q0344;D;EAYY-J;false;4;;;;
C1227;Q0345;A;Az elosztóban a fogyasztói áramkörök párhuzamos kapcsolásúak;true;1;;;;
C1228;Q0345;B;A túláramvédelmi eszközök a fogyasztókkal párhuzamosan kapcsolódnak;false;2;;;;
C1229;Q0345;C;A túlfeszültségvédelmi eszközök a fogyasztókkal sorosan kapcsolódnak;false;3;;;;
C1230;Q0345;D;Az elosztókban a fogyasztói áramkörök sorosan kapcsolódnak egymással;false;4;;;;
C1231;Q0346;A;A kismegszakító túlterhelésre működő kioldó árama csökken, ha a kismegszakító hőmérséklete növekszik;true;1;;;;
C1232;Q0346;B;A kismegszakító zárlatra működő kioldó árama csökken, ha a kismegszakító hőmérséklete növekszik;false;2;;;;
C1233;Q0346;C;A kismegszakító túlterhelésre működő kioldó árama a kismegszakító hőmérsékletétől független;false;3;;;;
C1234;Q0346;D;A kismegszakító működését nem befolyásolja a hőmérséklete.;false;4;;;;
C1235;Q0347;A;A vezeték terhelhetősége függ a vezeték környezeti hőmérsékletétől;false;1;;;;
C1236;Q0347;B;A vezeték terhelhetősége függ az együtt vezetett terhelt vezetékek számától;false;2;;;;
C1237;Q0347;C;A vezeték terhelhetősége függ a vezeték környezetének hőszigetelő képességétől;false;3;;;;
C1238;Q0347;D;A vezeték terhelhetősége függ a vezeték feszültségétől;true;4;;;;
C1239;Q0348;A;A háromfázisú áram-védőkapcsoló nem működik megfelelően egyfázisú terhelés esetén;false;1;;;;
C1240;Q0348;B;Az áram-védőkapcsoló próbagombjának működtetésével az áramvédőkapcsoló helyes bekötését ellenőrizzük;false;2;;;;
C1241;Q0348;C;Az áram-védőkapcsoló próbagombjának működtetésével az áramvédőkapcsoló működőképességét ellenőrizzük;true;3;;;;
C1242;Q0348;D;A háromfázisú, négypólusú áram-védőkapcsoló kioldást ad, ha a fázisáramok nem azonosak;false;4;;;;
C1243;Q0349;A;Védőföldelés, TT rendszer.;true;1;;;;
C1244;Q0349;B;Törpefeszültség.;false;2;;;;
C1245;Q0349;C;Villamos elválasztás.;false;3;;;;
C1246;Q0349;D;Környezet elszigetelése.;false;4;;;;
C1247;Q0350;A;a vezeték hőmérsékletétől;true;1;;;;
C1248;Q0350;B;a vezeték keresztmetszetétől;false;2;;;;
C1249;Q0350;C;a vezeték felfüggesztési magasságától;false;3;;;;
C1250;Q0350;D;a környezet páratartalmától;false;4;;;;
C1251;Q0351;A;Mü-III;false;1;;;;
C1252;Q0351;B;Mü-II;true;2;;;;
C1253;Q0351;C;MG-III;false;3;;;;
C1254;Q0351;D;MZS-I;false;4;;;;
C1255;Q0352;A;97kΩ;false;1;;;;
C1256;Q0352;B;919 kΩ;false;2;;;;
C1257;Q0352;C;1002 kΩ;true;3;;;;
C1258;Q0352;D;0,91MΩ;false;4;;;;
C1259;Q0353;A;Szerepe az egyen potenciálra hozás, úgy, hogy ez lehetőleg a földpotenciál legyen.;true;1;;;;
C1260;Q0353;B;Szerepe az egyen potenciálra hozás, úgy, hogy ez lehetőleg a fázisfeszültség legyen;false;2;;;;
C1261;Q0353;C;Szerepe az, hogy fázisok között ne legyen feszültség különbség;false;3;;;;
C1262;Q0353;D;Szerepe, hogy a nulla (N) és védővezető (PE) mindig azonos potenciálon legyen;false;4;;;;
C1263;Q0354;A;PEN vezető szakadása esetén is a fogyasztói készülékek testei földpotenciálon legyen;true;1;;;;
C1264;Q0354;B;Több fázisú rendszerben PEN vezető szakadása esetén a csillagpont rögzítése;true;2;;;;
C1265;Q0354;C;A potenciál rögzítő földelésnek TN rendszerben nincs feladata, felesleges ezért jelenlegi előírások szerint nem kötelező a kialakítása.;false;3;;;;
C1266;Q0354;D;A nullavezetőn (N) ne folyhasson üzemi áram, PEN vezető szakadása esetén.;false;4;;;;
C1267;Q0354;E;A védővezetőn (PE) hiba esetén ne folyhasson áram.;false;5;;;;
C1268;Q0355;A;túlfeszültséglevezető;true;1;;;;
C1269;Q0355;B;jelzőlámpa;false;2;;;;
C1270;Q0355;C;mágneskapcsoló;false;3;;;;
C1271;Q0355;D;szakaszolóbiztosító;false;4;;;;
C1272;Q0356;A;Mágneskapcsoló;true;1;;;;
C1273;Q0356;B;Megszakító;false;2;;;;
C1274;Q0356;C;Kamráskapcsoló;false;3;;;;
C1275;Q0356;D;Olvadó biztosító;false;4;;;;
C1276;Q0357;A;TT;false;1;;;;
C1277;Q0357;B;TN-C-S;false;2;;;;
C1278;Q0357;C;IT;true;3;;;;
C1279;Q0357;D;TN-C;false;4;;;;
C1280;Q0357;E;TN-S;false;5;;;;
C1281;Q0358;A;Az áramváltó primer körébe a lehető legkisebb ellenállást kell beiktatni.;false;1;;;;
C1282;Q0358;B;Az áramváltó szekunder körét üzem közben megszakítani tilos!;true;2;;;;
C1283;Q0358;C;Az áramváltó párhuzamosan kapcsolódik a mérendő áramkörbe.;false;3;;;;
C1284;Q0358;D;Az áramváltó szekunder kapcsát földelni tilos!;false;4;;;;
C1285;Q0359;A;cosφ=0,1101;false;1;;;;
C1286;Q0359;B;cosφ=0,2094;true;2;;;;
C1287;Q0359;C;cosφ=0,5832;false;3;;;;
C1288;Q0359;D;cosφ=0,9803;false;4;;;;
C1289;Q0360;A;3,17A;false;1;;;;
C1290;Q0360;B;3,61A;false;2;;;;
C1291;Q0360;C;3,92A;false;3;;;;
C1292;Q0360;D;4,45A;true;4;;;;
C1293;Q0361;A;7204 Wh;true;1;;;;
C1294;Q0361;B;1,8 kWh;false;2;;;;
C1295;Q0361;C;450 kWh;false;3;;;;
C1296;Q0361;D;1,36 kWh;false;4;;;;
C1297;Q0362;A;B6;false;1;;;;
C1298;Q0362;B;B10;true;2;;;;
C1299;Q0362;C;B16;false;3;;;;
C1300;Q0362;D;B20;false;4;;;;
C1301;Q0363;A;4382W;false;1;;;;
C1302;Q0363;B;3637W;false;2;;;;
C1303;Q0363;C;2530W;false;3;;;;
C1304;Q0363;D;2100W;true;4;;;;
C1305;Q0364;A;5,77 A;false;1;;;;
C1306;Q0364;B;10,04 A;true;2;;;;
C1307;Q0364;C;13,41A;false;3;;;;
C1308;Q0364;D;17,39A;false;4;;;;
C1309;Q0365;A;10,931kvar;true;1;;;;
C1310;Q0365;B;6,43kvar;false;2;;;;
C1311;Q0365;C;3,22kvar;false;3;;;;
C1312;Q0365;D;11,14kvar;false;4;;;;
C1313;Q0365;E;12,8kvar;false;5;;;;
C1314;Q0366;A;0,63 Ω;false;1;;;;
C1315;Q0366;B;1,44 Ω;false;2;;;;
C1316;Q0366;C;7,67 Ω;true;3;;;;
C1317;Q0366;D;13,33 Ω;false;4;;;;
C1318;Q0367;A;0,87%;false;1;;;;
C1319;Q0367;B;1%;false;2;;;;
C1320;Q0367;C;1,5%;true;3;;;;
C1321;Q0367;D;3,46%;false;4;;;;
C1322;Q0367;E;6%;false;5;;;;
C1323;Q0368;A;0,03;false;1;;;;
C1324;Q0368;B;0,06;false;2;;;;
C1325;Q0368;C;0,039;false;3;;;;
C1326;Q0368;D;0,09;true;4;;;;
C1327;Q0369;A;Ha NBe1 vagy NBe2 nyomógombok működtetésével tudjuk kiválasztani az aszinkron motor forgásirányváltását.;false;1;;;;
C1328;Q0369;B;Az aszinkron motor két független helyről kapcsolható ki Nki1 vagy Nki2 nyomógombok segítségével és két független helyről kapcsolható be Nbe1 vagy Nbe2 nyomógombok segítségével.;false;2;;;;
C1329;Q0369;C;Az aszinkron motor két független helyről kapcsolható ki Nki1 vagy Nki2 nyomógombok segítségével, bekapcsolni Nbe1 és Nbe2 nyomógombok egyidejű működtetésével lehet.;true;3;;;;
C1330;Q0369;D;Az aszinkron motor kikapcsolása Nki1 és Nki2 nyomógombok egyidejű működtetésével lehet, bekapcsolni Nbe1 és Nbe2 nyomógombok egyidejű működtetésével lehet.;false;4;;;;
C1331;Q0370;A;3231A;false;1;;;;
C1332;Q0370;B;2228A;false;2;;;;
C1333;Q0370;C;1858A;true;3;;;;
C1334;Q0370;D;1281A;false;4;;;;
C1335;Q0371;A;25 mm2;false;1;;;;
C1336;Q0371;B;35 mm2;true;2;;;;
C1337;Q0371;C;50 mm2;false;3;;;;
C1338;Q0371;D;70 mm2;false;4;;;;
C1339;Q0371;E;95 mm2;false;5;;;;
