question_id;question_type;prompt_md;explanation_md;topic;subtopic;difficulty;points;time_estimate_sec;source_id;source_locator;tags;language;correct_answer_md;answer_tolerance
Q0001;single_choice;Válassza ki az áramütés meghatározását!;Az áramütés az emberi testen áthaladó villamos áram által kiváltott káros élettani hatás.;érintésvédelem;áramütés;2;1;20;S0001;75-76;érintésvédelem,áramütés;hu;;
Q0002;single_choice;Mi a vonali feszültség?;A vonali feszültség két fázis között mért feszültség.;villamos-alapok;feszültségtípusok;1;1;15;S0001;79-84;feszültség,vonalifeszültség;hu;;
Q0003;single_choice;Egészítse ki a mondatot! A védővezető színjelölése mindig:;A védővezető színjelölése zöld-sárga.;vezetékek;színek;1;1;10;S0001;89-90;védővezető,színjelölés;hu;;
Q0004;single_choice;Hogyan határozza meg a hatásos teljesítményt annak a háromfázisú villamos berendezésnek, amely névleges feszültsége 3x400V, névleges árama 6A, a teljesítménytényezője 0,9?;Háromfázisú körben a hatásos teljesítmény képlete: P = √3 × U × I × cosφ.;számítás;háromfázisú teljesítmény;2;1;30;S0001;95;teljesítmény,háromfázis;hu;;
Q0005;multi_choice;Válassza ki a felsoroltak közül azokat, amelyek kisfeszültségnek számítanak!;A kisfeszültség AC esetén 1000 V-ig, DC esetén 1500 V-ig terjed, ezért több válasz is helyes.;villamos-alapok;feszültségszintek;2;1;20;S0001;71;kisfeszültség,feszültségszint;hu;;
Q0006;single_choice;A fürdőszobában egy mosógép működik. Határozza meg, hogy mekkora a felvett áramerőssége, ha az egyfázisú motor névleges feszültsége 230V, és a teljesítménytényező 0,85! A felvett teljesítmény 1800 W.;A felvett áramerősség I = P / (U × cosφ) = 1800 / (230 × 0,85) ≈ 9,2 A.;számítás;áram és teljesítmény;2;1;45;S0001;88;áram,teljesítmény,cosfi;hu;;
Q0007;single_choice;Hol használható D kioldási karakterisztikájú kismegszakító?;A D karakterisztika nagy indulóáramú terhelésekhez, jellemzően ipari környezetben való.;védelem;kismegszakító karakterisztika;2;1;15;S0001;86-87;kismegszakító,karakterisztika;hu;;
Q0008;single_choice;Mekkora a kismegszakító maximális árama 1,5 mm2 keresztmetszetű vezetékhez?;A gyakorló feladatsorban ehhez a vezetékhez a helyes válasz 16 A.;vezetékek;vezeték és védelem;2;1;20;S0001;105;vezeték,kismegszakító;hu;;
Q0009;single_choice;Melyik kapcsolási rajz mutatja be egyszerűsített formában a villamos berendezés működését?;Az áttekintési rajz a berendezés működését egyszerűsítve mutatja meg.;rajzok;rajztípusok;1;1;15;S0013;14-15;rajz,áttekintési rajz;hu;;
Q0010;multi_choice;Válassza ki azokat az állításokat, amelyek igazak az egyvonalas ábrázolásra!;Az egyvonalas ábrázolás többféle vezetőcsoport egyszerűsített jelölésére használható.;rajzok;egyvonalas ábrázolás;2;1;25;S0013;6-11;rajz,egyvonalas;hu;;
Q0011;single_choice;Melyik rajztípus ábrázolja a készülék valamennyi belső és külső összeköttetését?;A készülékhuzalozási rajz a készülék minden belső és külső összeköttetését mutatja.;rajzok;készülékhuzalozás;2;1;20;S0013;16-18;rajz,készülékhuzalozás;hu;;
Q0012;single_choice;Mit jelent a Pdk 101 jelölés a példában?;A példában a Pdk 101 egy 1s. - 10A kapcsolót jelent.;kapcsolók;jelölések;1;1;15;S0013;24-26;kapcsoló,jelölés;hu;;
Q0013;single_choice;Mire alkalmas a váltókapcsolás?;A váltókapcsolás egy fogyasztó vagy fogyasztói csoport kapcsolására alkalmas két kapcsolási helyről.;kapcsolások;váltókapcsolás;1;1;15;S0013;39-40;váltókapcsolás,világítás;hu;;
Q0014;multi_choice;Válassza ki azokat az állításokat, amelyek igazak a világítási áramkörök kapcsolási módjaira!;A világítási kapcsolások száma és elnevezése a vezérlési helyek számához igazodik.;kapcsolások;világítási áramkörök;2;1;25;S0013;32-33;világítás,kapcsolás;hu;;
Q0015;single_choice;Melyik kapcsolás alkalmas két fogyasztó vagy fogyasztói csoport önálló vagy egyidejű kapcsolására?;A csillárkapcsolás erre a feladatra való.;kapcsolások;csillárkapcsolás;1;1;15;S0013;37-38;csillárkapcsolás,világítás;hu;;
Q0016;single_choice;Melyik kapcsolás alkalmas egy fogyasztó vagy fogyasztói csoport kapcsolására két kapcsolási helyről?;A váltókapcsolás két helyről vezérelhető.;kapcsolások;váltókapcsolás;1;1;15;S0013;39-40;váltókapcsolás,alternatív;hu;;
Q0017;multi_choice;Válassza ki azokat az állításokat, amelyek igazak a keresztváltó kapcsolásra!;A keresztváltó kapcsolás több kapcsolási helyről vezérelt világításhoz használható.;kapcsolások;keresztváltó kapcsolás;2;1;25;S0013;41-45;keresztkapcsoló,világítás;hu;;
Q0018;single_choice;Mit csinál az impulzusrelé minden nyomó működtetésre?;Az impulzusrelé minden nyomásra átkapcsolja az előző állapotot.;kapcsolások;impulzusrelé;1;1;15;S0013;43-45;impulzusrelé,vezérlés;hu;;
Q0019;single_choice;Mi a lépcsőházi automata lényege?;A lépcsőházi automata elengedés késleltetésű időrelé, amely a nyomó elengedése után időzítve kapcsol le.;kapcsolások;lépcsőházi automata;2;1;20;S0013;48-50;lépcsőházi automata,időrelé;hu;;
Q0020;multi_choice;Válassza ki azokat az állításokat, amelyek igazak a hőrelére és a motorvédő kapcsolóra!;A hőrelé és a motorvédő kapcsoló a motorok túlterhelésvédelmére szolgál.;vezérlések;motorvédelem;2;1;25;S0013;52-60;motorvédelem,hőrelé;hu;;
Q0021;single_choice;Hány főáramköri záró érintkezőt tartalmaz többnyire egy mágneskapcsoló?;A mágneskapcsolók többnyire három főáramköri záró érintkezőt tartalmaznak.;vezérlések;mágneskapcsoló;1;1;15;S0013;91-93;mágneskapcsoló,érintkező;hu;;
Q0022;multi_choice;Válassza ki azokat az állításokat, amelyek igazak a mágneskapcsolókra!;A mágneskapcsolók elektromágneses működésű készülékek, és segédérintkezőik bővíthetők.;vezérlések;mágneskapcsoló;2;1;25;S0013;91-97;mágneskapcsoló,vezérlés;hu;;
Q0023;single_choice;Melyik állítás írja le legjobban a vezérlés és a szabályzás közti különbséget?;A vezérlés a művelet eredményétől függetlenül lefut, a szabályzás visszacsatolással korrigál.;vezérlések;irányítástechnika;2;1;20;S0013;64-76;vezérlés,szabályzás;hu;;
Q0024;multi_choice;Válassza ki a vezérlés hatásláncának elemeit!;A vezérlés hatáslánca rendelkező, érzékelő, jelformáló, erősítő és beavatkozó szervből állhat.;vezérlések;hatáslánc;2;1;25;S0013;68-73;vezérlés,hatáslánc;hu;;
Q0025;single_choice;Hány részből áll a külső villámvédelmi rendszer?;A külső villámvédelmi rendszer három részből áll.;érintésvédelem;villámvédelem;1;1;15;S0013;101-117;villámvédelem,külső rendszer;hu;;
Q0026;multi_choice;Válassza ki a külső villámvédelmi rendszer részeit!;A külső villámvédelmi rendszer részei a felfogó-, levezető- és földelőrendszer.;érintésvédelem;villámvédelem;1;1;20;S0013;101-117;villámvédelem,felfogó,levezető,földelő;hu;;
Q0027;single_choice;Mit jelent az IP rövidítés a védettségi jelölésben?;Az IP az International Protection rövidítése.;védettség;IP jelölés;1;1;10;S0015;138;IP,védettség;hu;;
Q0028;multi_choice;Válassza ki azokat a színeket, amelyeket a dokumentum fázisvezetőhöz felsorol!;A dokumentum barna, fekete és szürke színt sorol a fázisvezetőhöz.;vezetékek;vezeték színek;1;1;15;S0015;136-137;fázisvezető,színek;hu;;
Q0029;single_choice;Mit jelent a J a NYY-J jelölésben?;A J azt jelenti, hogy van zöld-sárga színjelölésű ér.;vezetékek;jelölés;1;1;10;S0015;141-146;kábel,jelölés;hu;;
Q0030;single_choice;Mit jelent a G a H05VV-F 5G2,5 jelölésben?;A G azt jelenti, hogy van zöld-sárga színjelölésű ér.;vezetékek;jelölés;1;1;10;S0015;147;kábel,jelölés;hu;;
Q0031;multi_choice;Válassza ki azokat az állításokat, amelyek igazak a kismegszakítóra!;A kismegszakító túláram és zárlat esetén old le, de nem hibaáramra van méretezve.;védelem;kismegszakító;1;1;20;S0015;148;kismegszakító,védelem;hu;;
Q0032;multi_choice;Válassza ki a feszültségmentesítés helyes lépéseit!;A dokumentumban szereplő feszültségmentesítés öt fő lépésből áll.;biztonság;feszültségmentesítés;2;1;30;S0015;70-75;biztonság,feszültségmentesítés;hu;;
Q0033;multi_choice;Válassza ki a SELV, PELV és FELV helyes leírását!;A megoldó dokumentum rövid definíciói a következő helyes megfeleltetések.;biztonság;törpefeszültség;2;1;25;S0015;51-54;SELV,PELV,FELV;hu;;
Q0034;multi_choice;Válassza ki a világítás kapcsolók 7 alap típusát!;A forrás hét alap villanykapcsoló típust sorol fel, amelyekkel a legtöbb világítási kapcsolás megoldható.;kapcsolók;kapcsoló típusok;1;1;25;S0014;alap típusok;egypólusú,kétpólusú,hárompólusú,kétáramkörös,váltó,kettős váltó,keresztkapcsoló;hu;;
Q0035;multi_choice;Válassza ki azokat az állításokat, amelyek igazak a 101-es egypólusú kapcsolóra!;Az egypólusú kapcsoló a legegyszerűbb világításkapcsoló, és a fázisvezetőt szakítja meg.;kapcsolók;egypólusú kapcsoló;1;1;15;S0014;egypólusú kapcsoló;101,egypólusú,fázisvezető;hu;;
Q0036;multi_choice;Válassza ki azokat az állításokat, amelyek igazak a 103-as hárompólusú kapcsolóra!;A hárompólusú kapcsoló három fázis kapcsolására alkalmas, jellemzően nagyobb teljesítményű világítási köröknél.;kapcsolók;hárompólusú kapcsoló;1;1;15;S0014;103-as kapcsoló;103, háromfázisú,világítás;hu;;
Q0037;multi_choice;Válassza ki azokat az állításokat, amelyek igazak a 105-ös kétáramkörös kapcsolóra!;A kétáramkörös kapcsoló két külön fogyasztói csoportot kapcsolhat egy helyről.;kapcsolók;csillárkapcsoló;1;1;15;S0014;105-ös kapcsoló;105,csillár,kétáramkör;hu;;
Q0038;multi_choice;Válassza ki azokat az állításokat, amelyek igazak a 106-os váltókapcsolóra!;A váltókapcsoló egy fogyasztó két helyről történő kapcsolására szolgál.;kapcsolók;váltókapcsoló;1;1;15;S0014;106-os kapcsoló;106,váltó,alternatív;hu;;
Q0039;multi_choice;Válassza ki azokat az állításokat, amelyek igazak a 107-es keresztkapcsolóra!;A keresztkapcsoló a két váltókapcsoló közé iktatott köztes kapcsoló, amely a két alternatív szálat cseréli meg.;kapcsolók;keresztkapcsoló;1;1;20;S0014;107-es kapcsoló;107,kereszt,váltó;hu;;
Q0040;multi_choice;Válassza ki azokat az állításokat, amelyek igazak a vezérlés hatásláncára!;A vezérlés hatásláncában rendelkező szerv, érzékelő szerv, jelformáló szerv és beavatkozó szerv szerepel.;vezérlések;hatáslánc;2;1;20;S0013;vezérlés hatáslánca;vezérlés,hatáslánc,relé,mágneskapcsoló;hu;;
Q0041;multi_choice;Válassza ki azokat az állításokat, amelyek igazak a szabályzásra!;A szabályzás a kimenet figyelésére és visszacsatolásra épül.;vezérlések;szabályzás;2;1;20;S0013;szabályzás;szabályzás,visszacsatolás,stabilizálás;hu;;
Q0042;multi_choice;Válassza ki azokat az állításokat, amelyek igazak a mágneskapcsolóra!;A mágneskapcsoló elektromágneses működésű kapcsolóelem, amelynek segédérintkezői bővíthetők.;vezérlések;mágneskapcsoló;1;1;20;S0013;mágneskapcsoló;mágneskapcsoló,érintkező,vezérlés;hu;;
Q0043;multi_choice;Válassza ki azokat az állításokat, amelyek igazak a motorvédő kapcsolóra és a hőrelére!;A motorvédő és a hőrelé a motor túlterhelés elleni védelmében használható.;védelem;motorvédelem;2;1;20;S0013;motorvédelem;motorvédő,hőrelé,túlterhelés;hu;;
Q0044;multi_choice;Válassza ki azokat az állításokat, amelyek igazak a lépcsőházi automata működésére!;A lépcsőházi automata időrelé jellegű megoldás, amely a nyomógomb működtetése után időzítve kapcsol le.;vezérlések;lépcsőházi automata;2;1;20;S0013;lépcsőházi automata;időrelé,lépcsőház,nyomógomb;hu;;
Q0045;multi_choice;Válassza ki azokat az állításokat, amelyek igazak az impulzusrelére!;Az impulzusrelé minden nyomó működtetésre átkapcsolja az állapotát, ezért sokhelyes világításvezérlésnél hasznos.;vezérlések;impulzusrelé;2;1;20;S0013;impulzusrelé;impulzusrelé,nyomógomb,világításvezérlés;hu;;
Q0046;multi_choice;Válassza ki, mely tényezők befolyásolják az áramütéses baleset súlyosságát!;A forrás szerint az áram nagysága, az időtartam, a testellenállás, az áram útja és a személy állapota is számít.;érintésvédelem;áramütés;2;1;20;S0018;1-2;áramütés,testellenállás,áramút;hu;;
Q0047;multi_choice;Válassza ki a közvetett érintés elleni védelem módjait!;A forrás hat közvetett érintés elleni védelmi megoldást sorol fel.;érintésvédelem;közvetett érintés;2;1;25;S0018;4-6;érintésvédelem,hiba elleni védelem;hu;;
Q0048;single_choice;Melyik rendszerben külön vezetett a nulla- és védővezető?;A TN-S rendszerben külön N és PE vezető van.;érintésvédelem;TN-S rendszer;1;1;10;S0018;5-7;TN-S,PE,N;hu;;
Q0049;single_choice;Mit jelent a PEN vezető rövidítés?;A PEN közös védő- és nullavezetőt jelent.;érintésvédelem;PEN vezető;1;1;10;S0018;5-7;PEN,vezető;hu;;
Q0050;single_choice;Mennyi az általános veszélyes érintési feszültség határértéke váltakozóáramnál?;A forrás 50V AC és 120V DC határértéket ad meg.;érintésvédelem;érintési feszültség;1;1;10;S0018;1-4;érintési feszültség,határérték;hu;;
Q0051;multi_choice;Válassza ki azokat az állításokat, amelyek igazak a TN rendszerre!;A TN rendszerben a TN-C, TN-S és TN-C-S változatok is előfordulnak, és testzárlatnál a túláramvédelmi szervnek kell lekapcsolnia.;érintésvédelem;TN rendszer;2;1;20;S0018;5-8;TN,TN-C,TN-S,TN-C-S;hu;;
Q0052;multi_choice;Válassza ki a FAM munkamódszereit!;A forrás három FAM munkamódszert különböztet meg.;érintésvédelem;FAM;2;1;20;S0019;1-2;FAM,munkamódszer;hu;;
Q0053;single_choice;Melyik dokumentum szabályozza a FAM eszközök átvételi és periodikus vizsgálatait?;A forrás szerint ezt az ÁPVGY tartalmazza.;érintésvédelem;FAM eszközök;2;1;10;S0019;2;FAM,ÁPVGY;hu;;
Q0054;multi_choice;Válassza ki a FAM eszközök minősítésének szempontjait!;A forrás öt minősítési szempontot sorol fel.;érintésvédelem;FAM eszközök;2;1;20;S0019;2;FAM,minősítés;hu;;
Q0055;single_choice;Melyik a legvékonyabb falú cső?;A forrás szerint a Mü I a legvékonyabb falú cső.;kapcsolók;védőcső;1;1;10;S0015;79-80;védőcső,Mü I;hu;;
Q0056;single_choice;Mire utal az IP20 jelölésben az első számjegy?;Az első számjegy a szilárd tárgyak szerkezetbe jutása elleni mechanikai védettséget jelöli.;védettség;IP20;1;1;10;S0022;3;IP20,védettség;hu;;
Q0057;single_choice;Melyik jelölés tartozik a II. érintésvédelmi osztályhoz?;A II. érintésvédelmi osztályt a kettős vagy megerősített szigetelés jele mutatja.;érintésvédelem;érintésvédelmi osztály;1;1;10;S0022;6;II. osztály,kettős szigetelés;hu;;
Q0058;single_choice;Mekkora az Uo értéke a Zs x Ia ≤ Uo képletben 230/400 V-os hálózaton?;A háromfázisú 230/400 V-os hálózatban az Uo értéke 230 V.;érintésvédelem;hibavédelem;1;1;10;S0021;4;Uo,hurokimpedancia;hu;;
Q0059;single_choice;Hogyan ellenőrzik a szerelői ellenőrzésnél a berendezést?;A szerelői ellenőrzésnél a berendezést megbontás nélkül, szemrevételezéssel ellenőrzik.;vizsga;szerelői ellenőrzés;1;1;10;S0021;11;szerelői ellenőrzés;hu;;
Q0060;multi_choice;Válassza ki a szerelői ellenőrzés és üzembe helyezés feladatait!;A forrás szerint a folytonosságvizsgálat, szigetelési ellenállás ellenőrzése, feszültség alá helyezés és működési próba tartozik ide.;vizsga;szerelői ellenőrzés;2;1;20;S0021;11;szerelői ellenőrzés,üzembe helyezés;hu;;
Q0061;single_choice;Milyen értékre kell beállítani a hőkioldót?;A hőkioldót a motor névleges áramának értékére kell állítani.;védelem;hőkioldó;1;1;10;S0021;10;hőkioldó,motorvédelem;hu;;
Q0062;single_choice;Mekkora a minimális réz védővezető keresztmetszete, ha a fázis- és nullavezető 10 mm2?;A forrás szerint ebben az esetben a minimális PE keresztmetszet 10 mm2.;érintésvédelem;védővezető keresztmetszet;1;1;10;S0025;6;PE,keresztmetszet;hu;;
Q0063;single_choice;Megfelelő-e a 12,5 ohmos hurokimpedancia egy 30 mA-es áram-védőkapcsolóval kiegészített hibavédelemhez?;A megadott 12,5 ohm érték megfelelő, mert kisebb a szükséges határértéknél.;érintésvédelem;hurokimpedancia;2;1;15;S0020;8;hurokimpedancia,ÁVK;hu;;
Q0064;single_choice;Válassza ki a helyes áramfelvételt egy 400 V-os, háromfázisú, 1200 W-os, cos φ = 0,8 motorra!;A helyes áramfelvétel a háromfázisú képletből számítható.;villamos-alapok;háromfázisú motor;2;1;15;S0024;5;motoráram,cosφ;hu;;
Q0065;single_choice;Miért előnyösebb a TN-C-S nullázott hibavédelem áram-védőkapcsolóval kiegészítve, mint a TT földelt hibavédelem?;Azért előnyösebb, mert a hurokimpedancia akár nagyobb is lehet, és az áram-védőkapcsoló így növeli a hibavédelem hatékonyságát.;érintésvédelem;TN-C-S hibavédelem;2;1;15;S0028;1;TN-C-S,ÁVK,TT;hu;;
Q0066;single_choice;Mit jelent a kismegszakítón a „6000” jelölés?;A 6000 a kismegszakító zárlati szilárdságára, azaz a 6 kA megszakítóképességre utal.;védelem;kismegszakító;1;1;10;S0029;5;kismegszakító,6000;hu;;
Q0067;multi_choice;Válassza ki azokat az állításokat, amelyek igazak a CE B 10 ~230/400V 6000 jelölésű kismegszakítóra!;A forrás szerint ez a kismegszakító 230/400 V váltakozó feszültségre való, 10 A névleges áramú, B karakterisztikájú, és 6 kA zárlati szilárdságú.;védelem;kismegszakító jelölés;2;1;20;S0029;5;kismegszakító,jelölés,B karakterisztika;hu;;
Q0068;multi_choice;Válassza ki azokat az állításokat, amelyek igazak a párhuzamosan kapcsolt egyfázisú fogyasztókra!;A párhuzamos kapcsolásnál minden fogyasztóra azonos feszültség jut, és a fogyasztók számának növelésével nő a hálózat áramfelvétele.;villamos-alapok;párhuzamos kapcsolás;2;1;20;S0029;5;párhuzamos,egyfázisú fogyasztó;hu;;
Q0069;single_choice;Mi az áram-védőkapcsoló feladata a hibavédelem rendszerében?;Az áram-védőkapcsoló a hibavédelem hatékonyságának növelésére szolgál.;érintésvédelem;ÁVK;1;1;10;S0026;5;ÁVK,hibavédelem;hu;;
Q0070;single_choice;Hány vezeték található a B jelű áramköri szakaszon?;A forrás szerint a B szakaszon 6 vezeték van.;vezetékek;vezetékek száma;1;1;10;S0029;7;vezetékszám,kapcsolási rajz;hu;;
Q0071;multi_choice;Válassza ki azokat az állításokat, amelyek igazak a párhuzamosan kapcsolt egyfázisú fogyasztókra!;A forrás szerint a párhuzamos kapcsolásnál többek között azonos feszültség jut minden fogyasztóra, nő a hálózati áramfelvétel, és az eredő ellenállás a legkisebb egyedi ellenállás alá esik.;villamos-alapok;párhuzamos kapcsolás;2;1;20;S0029;5;párhuzamos,egyfázisú fogyasztó;hu;;
Q0072;multi_choice;Válassza ki azokat az állításokat, amelyek igazak a II. érintésvédelmi osztályú villamos berendezésre!;A forrás szerint a II. érintésvédelmi osztályú berendezés földelni tilos, a kettős négyzet jelöli, kisfeszültségű betáplálású lehet, és ide tartoznak a megerősített szigetelésű eszközök is.;érintésvédelem;érintésvédelmi osztály;2;1;20;S0029;6;II. osztály,kettős szigetelés;hu;;
Q0073;single_choice;A TN-C-S rendszerben, az ÁVK-val kiegészített hibavédelemnél hogyan viszonyuljon egymáshoz az N és PE sín az elosztótáblán?;A szétválasztás után az N és PE sínt nem szabad fémesen összekötni.;érintésvédelem;TN-C-S rendszer;1;1;10;S0028;4;TN-C-S,N,PE,ÁVK;hu;;
Q0074;single_choice;Mekkora a megengedett hurokimpedancia határértéke egy 30 mA-es áram-védőkapcsolóval kiegészített hibavédelemnél?;A 30 mA-es ÁVK esetén a forrás szerint a határérték 7666 ohm körül van.;érintésvédelem;hurokimpedancia;2;1;15;S0027;7;hurokimpedancia,ÁVK;hu;;
Q0075;single_choice;Mi a feszültségmentesítés első műveleti lépése?;A forrás szerinti helyes sorrendben először a teljes leválasztást kell elvégezni.;biztonság;feszültségmentesítés;1;1;10;S0030;11;feszültségmentesítés,biztonság;hu;;
Q0076;single_choice;Melyik kapcsolótípus az, amelyik két billentyűvel két külön áramkört vezérel?;A két áramkörös, csillárkapcsoló két külön áramkört tud kapcsolni.;kapcsolók;kapcsolótípusok;1;1;10;S0030;9;csillárkapcsoló,kapcsolótípus;hu;;
Q0077;multi_choice;Válassza ki azokat az állításokat, amelyek igazak az áram-védőkapcsoló adattáblájára!;A forrás szerint az IΔn az érzékenységet, az AC az áramnemet, az ABB a gyártót, a 25 A a névleges áramot, az Im = 1000 A a maximális megszakítóképességet, az Un = 230 V a névleges feszültséget, a F 202 pedig a típust jelöli.;érintésvédelem;ÁVK adattábla;2;1;20;S0030;6;ÁVK,adattábla,jelölések;hu;;
Q0078;ordering;Rendezze sorba a falba süllyesztett, vékonyfalú műanyag védőcsővel kialakított villanyszerelés fő munkafázisait!;A forrás a technológiai sorrendet is megadja, ezt kell visszaállítani.;vezetékek;technológiai sorrend;2;2;30;S0029;10;technológia,sorrend,védőcső;hu;;
Q0079;matching;Párosítsa az ÁVK adattábla jelöléseit a jelentésükkel!;A forrás az összes jelöléshez megadja a megfelelő jelentést.;érintésvédelem;ÁVK adattábla;2;2;30;S0030;6;ÁVK,adattábla,párosítás;hu;;
Q0080;grouping;Csoportosítsa a vezetőszíneket a szerepük szerint!;A forrás alapján a fázisvezetők, a nullavezető és a védővezető színei egyértelműen besorolhatók.;vezetékek;vezetőszínek;2;2;20;S0015;136-137;vezetőszínek,csoportosítás;hu;;
Q0081;list_choice;Mit jelent a kismegszakítón a „6000” jelölés?;A 6000 a kismegszakító zárlati szilárdságára, azaz a 6 kA megszakítóképességre utal.;védelem;kismegszakító;1;1;10;S0029;5;kismegszakító,6000;hu;;
Q0082;numeric_entry;Mekkora a párhuzamosan kapcsolódó rúdföldelők eredő ellenállása? Kettő tizedes pontossággal számoljon!;A forrás szerint az eredő ellenállás 4,90 ohm.;érintésvédelem;földelők;2;1;20;S0028;4;földelők,eredő ellenállás;hu;4.90;0
Q0083;true_false;Az IP20 jelölés első számjegye a szilárd tárgyak szerkezetbe jutása elleni védettséget jelöli.;A forrás szerint az első számjegy valóban a szilárd tárgyak elleni védettséget jelöli.;védettség;IP20;1;1;10;S0022;3;IP20,védettség;hu;;
Q0084;true_false;A II. érintésvédelmi osztályú villamos berendezést földelni kell.;A forrás szerint a II. érintésvédelmi osztályú berendezést földelni tilos.;érintésvédelem;érintésvédelmi osztály;1;1;10;S0022;6;II. osztály,földelés;hu;;
Q0085;true_false;A TN-C-S rendszerben a szétválasztás után az N és PE sínt fémesen össze lehet kötni.;A forrás szerint a szétválasztás után ezt nem szabad megtenni.;érintésvédelem;TN-C-S rendszer;1;1;10;S0028;4;TN-C-S,N,PE;hu;;
Q0086;true_false;A kismegszakítón a 6000 jelölés a névleges áramerősséget mutatja.;A forrás szerint a 6000 a zárlati szilárdságra, azaz a megszakítóképességre utal.;védelem;kismegszakító;1;1;10;S0029;5;kismegszakító,6000;hu;;
Q0087;true_false;Párhuzamos kapcsolásnál minden fogyasztóra azonos feszültség jut.;A párhuzamos kapcsolásnál minden fogyasztóra azonos feszültség jut.;villamos-alapok;párhuzamos kapcsolás;1;1;10;S0029;5;párhuzamos,egyfázisú fogyasztó;hu;;
Q0088;true_false;A feszültségmentesítés első lépése a teljes leválasztás.;A forrás szerinti helyes sorrendben valóban ez az első lépés.;biztonság;feszültségmentesítés;1;1;10;S0029;11;feszültségmentesítés,biztonság;hu;;
Q0089;true_false;Az IP20 jelölés második számjegye a víz elleni védettséget jelöli.;A forrás szerint a második számjegy a víz elleni védettséget jelöli.;védettség;IP20;1;1;10;S0022;3;IP20,védettség;hu;;
Q0090;true_false;Az áram-védőkapcsoló önálló túláramvédelmi eszköz.;Az áram-védőkapcsoló nem túláramvédelemre szolgál, hanem a hibavédelem hatékonyságát növeli.;érintésvédelem;ÁVK;1;1;10;S0026;5;ÁVK,túláramvédelem;hu;;
Q0091;single_choice;Mi látható a képen?;A fotó egy nyitott motorvezérlő központot mutat, amely fiókos modulokkal és vezérlőelemekkel szerelt ipari szekrény.;villamos-berendezések;szekrények;2;1;20;S0031;6.1.4 fejezet;szekrény,motorvezérlő központ,ipari berendezés;hu;;
Q0092;true_false;A képen kábelbevezetésre szolgáló tömszelence látható.;A képen egy kábelbevezető tömszelence látható, amely a vezeték rögzítésére és tömítésére szolgál.;vezetékek;tömszelence;1;1;10;S0031;6.1.4 fejezet;tömszelence,kábelbevezetés,igaz-hamis;hu;;
Q0093;single_choice;Az ábra szerint melyik vezetékszakasz 4 vezetékes?;A táblázat szerint az e jelű vezetékszakaszhoz 4 vezeték tartozik, a többihez 3.;vezetékek;vezetékakaszok;1;1;15;S0032;3. oldal;vezetékek,vezetékszám,ábra;hu;;
Q0094;ordering;Rendezze sorba a falba süllyesztett, vékony falú műanyag védőcsővel kialakított szerelés főbb munkafázisait!;A munkafázisok sorrendje: előkészület, nyomvonal kijelölése, horony- és fészekvésés, dobozok beépítése, védőcsövek fektetése, hornyok elvakolása, vezetékek behúzása, kötések elkészítése, ellenőrzés és üzembe helyezés.;vezetékek;technológia;2;1;45;S0032;5. oldal;ordering,technológia,védőcső;hu;;
Q0095;multi_choice;Az alábbi kismegszakító-adattábla alapján mely megállapítások helyesek?;A B10 jelölés 10 A névleges áramot és B karakterisztikát jelent. A 230/400 V a névleges feszültség, a 6000 pedig 6 kA megszakítóképesség.;védelem;kismegszakító;2;1;35;S0023;5. oldal;kismegszakító,multi_choice,adatlap;hu;;
Q0096;numeric_entry;Mekkora a ventilátor áramfelvétele?;I = P / (U · cos φ) = 600 / (230 · 0,8) ≈ 3,26 A.;számítás;áramfelvétel;3;1;40;S0023;9. oldal;számítás,áramfelvétel,numeric;hu;3.26;0.02
Q0097;numeric_entry;Mekkora a ventilátor napi villamos fogyasztása?;510 perc = 8,5 óra, a 600 W = 0,6 kW, ezért a napi villamos fogyasztás 0,6 × 8,5 = 5,1 kWh.;számítás;fogyasztás;2;1;35;S0023;9. oldal;számítás,kWh,numeric;hu;5.1;0.05
Q0098;grouping;Csoportosítsa a villamos szerelvények rajzjeleit funkció szerint!;A dugaszolóaljzatok, a kapcsolók és a világítótestek külön funkcionális csoportba rendezhetők.;rajzjelek;szerelvények;2;1;35;S0023;14. oldal;grouping,rajzjelek,szerelvények;hu;;
Q0099;single_choice;Az ábra szerint milyen kapcsoló vezérli a három világítótestet?;A rajzon váltókapcsolóval vezérelt világítási kör látható.;kapcsolók;világítási kör;1;1;20;S0032;4. oldal;kapcsolók,váltókapcsoló,ábra;hu;;
Q0100;true_false;A B10 jelölés 10 A névleges áramot és B kioldási karakterisztikát jelent.;A B betű a kioldási karakterisztikára, a 10 pedig a 10 A névleges áramra utal.;védelem;kismegszakító;1;1;10;S0023;5. oldal;igaz-hamis,kismegszakító,karakterisztika;hu;;
Q0101;single_choice;Mekkora az Uo értéke háromfázisú rendszerben a hurokimpedancia képletében?;Háromfázisú 400/230 V rendszerben az Uo értéke 230 V.;érintésvédelem;hurokimpedancia;1;1;15;S0021;4. oldal;Uo,hurokimpedancia,érintésvédelem;hu;;
Q0102;numeric_entry;Határozza meg a három rúdföldelő eredő ellenállását!;A három, 12 ohm, 15 ohm és 18 ohm ellenállású földelő eredője két tizedesre kerekítve 4,86 ohm.;érintésvédelem;földelők;2;1;35;S0021;4. oldal;földelők,eredő ellenállás;hu;4.86;0.01
Q0103;numeric_entry;Mekkora az átlagos napi villamosenergia-fogyasztás a táblázat alapján?;A megadott fogyasztók napi összesen 15,9 kWh villamos energiát használnak fel.;számítás;fogyasztás;2;1;40;S0020;10. oldal;napi fogyasztás,kWh;hu;15.9;0.05
Q0104;single_choice;Milyen értékre kell beállítani a hőkioldót a motor védelméhez?;A hőkioldót a motor névleges áramára kell beállítani.;védelem;hőkioldó;1;1;15;S0021;9. oldal;hőkioldó,motorvédelem;hu;;
Q0105;multi_choice;Válassza ki a II. érintésvédelmi osztályú villamos berendezésre vonatkozó helyes megállapításokat!;A II. osztályú berendezésnél nincs védővezető-csatlakozás, kettős négyzet jelöli, lehet kisfeszültségű betáplálású, és megerősített szigeteléssel is készülhet.;érintésvédelem;II. osztály;2;1;35;S0022;6. oldal;II. osztály,érintésvédelem,szigetelés;hu;;
Q0106;true_false;A TN-C-S rendszerben a szétválasztási pont után a nullavezetősint és a védővezetősint nem szabad összekötni.;A szétválasztás után a N és PE sín külön vezetett, ezért nem szabad őket újra összekötni.;érintésvédelem;TN-C-S;1;1;10;S0024;4. oldal;TN-C-S,N,PE;hu;;
Q0107;single_choice;Miért előnyösebb a TN-C-S hibavédelem áram-védőkapcsolóval kiegészítve a TT földelt hibavédelemhez képest?;Azért, mert a hurokimpedancia lehet nagy értékű, és az áram-védőkapcsoló így növeli a hibavédelem hatékonyságát.;érintésvédelem;hibavédelem;2;1;25;S0024;3. oldal;TN-C-S,TT,ÁVK;hu;;
Q0108;numeric_entry;Mekkora a szellőztető motor áramfelvétele?;A 400 V-os háromfázisú motor áramfelvétele 3,25 A körül van.;számítás;motor;3;1;35;S0021;4. oldal;motor,áramfelvétel,számítás;hu;3.25;0.02
Q0109;numeric_entry;Mekkora az elektromos radiátor napi villamos fogyasztása 12 órás üzemnél?;A 1200 W-os készülék 12 óra alatt 14,4 kWh energiát fogyaszt.;számítás;fogyasztás;2;1;25;S0024;6. oldal;fogyasztás,kWh,radiátor;hu;14.4;0.05
Q0110;single_choice;A 12,5 ohmos hurokimpedancia megfelelő-e a 0,03 A érzékenységű áram-védőkapcsolóval védett körben?;Igen, mert a megengedett értéknél kisebb hurokimpedancia is elegendő.;érintésvédelem;hurokimpedancia;2;1;20;S0020;8. oldal;hurokimpedancia,ÁVK;hu;;
Q0111;ordering;Rendezze sorba a feszültségmentesítés fel nem cserélhető műveleti lépéseit!;A helyes sorrend: teljes leválasztás, visszakapcsolás megakadályozása, feszültség nélküli állapot ellenőrzése, földelés és rövidre zárás, majd a feszültség alatt maradó részek elhatárolása.;biztonság;feszültségmentesítés;2;1;45;S0023;11. oldal;feszültségmentesítés,ordering;hu;;
Q0112;grouping;Csoportosítsa a villamos szerelvények rajzjeleit funkció szerint!;A rajzjeleket dugalj, kapcsoló és világítás csoportokba lehet sorolni.;rajzok;szerelvények;2;1;35;S0022;12. oldal;rajzjelek,csportosítás,szerelvények;hu;;
Q0113;single_choice;Az autószerelő műhely feladatában összesen hány önálló áramkör szerepel?;A feladatban összesen nyolc önálló áramkört kell megtervezni.;kapcsolások;autószerelő műhely;1;1;15;S0022;10-11. oldal;áramkörök,autószerelő műhely;hu;;
Q0114;multi_choice;Válassza ki a kisfeszültségű vezetékek méretezésének fő céljait!;A vezetékeket minőségi energiaszolgáltatás, biztonság és gazdaságosság miatt kell méretezni.;vezetékek;méretezés;2;2;25;S0033;1. oldal;vezetékek,méretezés,üzemeltetés;hu;;
Q0115;ordering;Rendezze sorrendbe a feszültségesésre történő méretezés lépéseit!;Először a teljesítményből indulunk, majd az áram, a megengedett feszültségesés, a szükséges keresztmetszet és végül a szabványos méret kiválasztása következik.;vezetékek;feszültségesés;2;2;30;S0033;2-3. oldal;feszültségesés,méretezés;hu;;
Q0116;grouping;Csoportosítsa a példákat a vezetékek terhelési csoportjai szerint!;A példák az A, B és C terhelési csoportokba sorolhatók a szerelési mód alapján.;vezetékek;terhelési csoportok;2;2;35;S0033;3. oldal;terhelési csoportok,vezetékek;hu;;
Q0117;single_choice;Mi jellemzi a tápvezetéket?;A tápvezeték a táppontot a fogyasztóval közvetlenül összekötő vezeték, amelyen csak a végén van terhelés.;vezetékek;tápvezeték;1;1;15;S0033;4. oldal;tápvezeték,vezetékek;hu;;
Q0118;matching;Párosítsa a biztosítótípusokat a tipikus alkalmazási területükkel!;A gL/gG vezetékekhez, az aM/gM motorokhoz, a gR/aR félvezetőkhöz, a gTr pedig transzformátorokhoz való.;védelem;biztosítók;2;2;30;S0034;4-5. oldal;biztosítékok,szelektivitás;hu;;
Q0119;single_choice;Mit jelent a szelektivitás a túláramvédelemben?;A szelektív védelemnél lehetőleg csak a hibás berendezésrész kapcsolódik ki.;védelem;szelektivitás;2;1;20;S0034;3. oldal;szelektivitás,túláramvédelem;hu;;
Q0120;true_false;A zárlati áram olyan túláram, amely az áramkör villamos hibája miatt alakul ki.;A forrás szerint a zárlati áram hibából származó túláram.;védelem;zárlati áram;1;1;10;S0034;2-3. oldal;zárlat,túláram;hu;;
Q0121;ordering;Rendezze sorrendbe a villámáram útjának fő elemeit!;A villámáram a felfogóról a levezetőn át jut a földelőbe.;védelem;villámvédelem;1;1;15;S0035;1. oldal;villámvédelem,felfogó,levezető,földelő;hu;;
Q0122;matching;Párosítsa a túlfeszültség-védelmi fokozatokat a feladatukkal!;Az 1. osztály a nagy energiájú részvillámáramokat vezeti le, a 2. osztály korlátoz, a 3. osztály tovább finomít.;védelem;túlfeszültségvédelem;2;2;30;S0035;1. oldal;túlfeszültség,villámvédelem,SPD;hu;;
Q0123;true_false;A villámhárító önmagában a villám másodlagos hatásai ellen is teljes védelmet nyújt.;A forrás szerint a villámhárító nem véd a másodlagos hatások ellen.;védelem;villámvédelem;1;1;10;S0035;1. oldal;villámvédelem;hu;;
Q0124;numeric_entry;Mekkora 1U magasság milliméterben a rackszekrényeknél?;A forrás szerint 1U = 44,45 mm.;villamos-berendezések;rack;1;1;15;S0031;6. oldal;rack,1U;hu;44.45;0.01
Q0125;matching;Párosítsa a szekrénytípusokat a jellemzőikkel!;A forrás a különböző szekrénytípusokhoz jellegzetes alkalmazási és szerelési tulajdonságokat ad meg.;villamos-berendezések;szekrénytípusok;2;2;35;S0031;1-8. oldal;szekrények,rack,MCC,kültér,Ex p;hu;;
Q0126;single_choice;Miért nem elég önmagában az IP-besorolás a kültéri szekrény kiválasztásához?;A kültéri telepítésnél a napsugárzás, a hőterhelés és a mechanikai igénybevétel is számít.;villamos-berendezések;kültéri szekrény;2;1;20;S0031;7. oldal;IP,kültér,szekrény;hu;;
Q0127;true_false;A gyújtószikramentes és a nem gyújtószikramentes jelek bekötési kapcsai között legalább 50 mm távolságot kell tartani.;A szegregálási szabály ezt az elkülönítést írja elő.;villamos-berendezések;zavarszegregáció;2;1;10;S0031;11. oldal;gyújtószikramentes,Ex i,szegregáció;hu;;
Q0128;single_choice;Mi a belső villámvédelem feladata?;A belső villámvédelem célja a villámáram behatolásának megakadályozása a védett térbe.;védelem;villámvédelem;2;1;20;S0035;1. oldal;villámvédelem,belső villámvédelem;hu;;
Q0129;true_false;A villamosenergia-rendszer részei az erőművek, a hálózati összeköttetések és az állomások.;A forrás a rendszer három fő részét sorolja fel.;villamos-alapok;villamosenergia-rendszer;2;1;20;S0003;13. oldal;villamos-alapok,villamosenergia-rendszer;hu;;
Q0130;single_choice;Melyik felsorolás írja le a villamosenergia-rendszer fő részeit?;A forrás a rendszer három fő részét sorolja fel.;villamos-alapok;villamosenergia-rendszer;2;1;20;S0003;13. oldal;villamos-alapok,villamosenergia-rendszer;hu;;
Q0131;true_false;A lakóépületek hálózati csatlakozására vonatkozó előírásokat az MSZ 447 tartalmazza.;A forrás az MSZ 447-et nevezi meg.;villamos-alapok;hálózati csatlakozás;2;1;20;S0003;13. oldal;villamos-alapok,hálózati csatlakozás;hu;;
Q0132;single_choice;Melyik szabvány foglalkozik a lakóépületek hálózati csatlakozásával?;A forrás az MSZ 447-et nevezi meg.;villamos-alapok;hálózati csatlakozás;2;1;20;S0003;13. oldal;villamos-alapok,hálózati csatlakozás;hu;;
Q0133;true_false;A csatlakozó vezeték feszültségesése legfeljebb 1% lehet.;A forrás 1%-os felső határt ad.;vezetékek;csatlakozó vezeték;2;1;20;S0003;14. oldal;vezetékek,csatlakozó vezeték;hu;;
Q0134;single_choice;Mekkora lehet legfeljebb a csatlakozó vezeték feszültségesése?;A forrás 1%-os felső határt ad.;vezetékek;csatlakozó vezeték;2;1;20;S0003;14. oldal;vezetékek,csatlakozó vezeték;hu;;
Q0135;true_false;Szabadvezetékes csatlakozást legfeljebb 6 lakásos épületig és 20 kW csatlakozási teljesítményig javasolt létesíteni.;A forrás ezt a két határt adja meg.;vezetékek;szabadvezetékes csatlakozás;2;1;20;S0003;14. oldal;vezetékek,szabadvezetékes csatlakozás;hu;;
Q0136;single_choice;Milyen határértékekhez kötik a szabadvezetékes csatlakozást?;A forrás ezt a két határt adja meg.;vezetékek;szabadvezetékes csatlakozás;2;1;20;S0003;14. oldal;vezetékek,szabadvezetékes csatlakozás;hu;;
Q0137;true_false;A főelosztó lehet falon kívüli vagy süllyesztett kivitelű, és anyaga lehet fém vagy nehezen éghető anyag.;A forrás ezt a kialakítást emeli ki.;villamos-berendezések;főelosztó;2;1;20;S0003;14. oldal;villamos-berendezések,főelosztó;hu;;
Q0138;single_choice;Milyen kialakítás jellemző a főelosztóra?;A forrás ezt a kialakítást emeli ki.;villamos-berendezések;főelosztó;2;1;20;S0003;14. oldal;villamos-berendezések,főelosztó;hu;;
Q0139;true_false;A lakás áramköreit logikai, teljesítmény-, elhelyezkedés- és karbantarthatósági szempont szerint célszerű szétosztani.;A forrás ezeket a szempontokat sorolja.;kapcsolások;áramköri felosztás;2;1;20;S0003;15. oldal;kapcsolások,áramköri felosztás;hu;;
Q0140;single_choice;Melyik szempont szerepel a lakás áramköri felosztásánál?;A forrás ezeket a szempontokat sorolja.;kapcsolások;áramköri felosztás;2;1;20;S0003;15. oldal;kapcsolások,áramköri felosztás;hu;;
Q0141;true_false;A nagy teljesítményű fogyasztók külön áramkörről működjenek.;A forrás külön áramkört javasol.;kapcsolások;külön áramkörök;2;1;20;S0003;15. oldal;kapcsolások,külön áramkörök;hu;;
Q0142;single_choice;Mi igaz a nagy teljesítményű fogyasztókra?;A forrás külön áramkört javasol.;kapcsolások;külön áramkörök;2;1;20;S0003;15. oldal;kapcsolások,külön áramkörök;hu;;
Q0143;true_false;A lámpatestek alapvédettsége IP20.;A forrás ezt adja meg alapértékként.;világítás;IP védettség;2;1;20;S0003;18. oldal;világítás,IP védettség;hu;;
Q0144;single_choice;Mi a lámpatestek alapvédettsége a forrás szerint?;A forrás ezt adja meg alapértékként.;világítás;IP védettség;2;1;20;S0003;18. oldal;világítás,IP védettség;hu;;
Q0145;true_false;A túláram két fő típusa a túlterhelési áram és a zárlati áram.;A forrás ezt a két típust különíti el.;védelem;túláram;2;1;20;S0003;19. oldal;védelem,túláram;hu;;
Q0146;single_choice;Melyik felsorolás adja meg a túláram két fő típusát?;A forrás ezt a két típust különíti el.;védelem;túláram;2;1;20;S0003;19. oldal;védelem,túláram;hu;;
Q0147;true_false;A bimetálos hőkioldó túlterheléskor elhajlik és bontja az áramkört.;A forrás ezt írja le működésként.;védelem;hőkioldó;2;1;20;S0003;19. oldal;védelem,hőkioldó;hu;;
Q0148;single_choice;Mi történik a bimetálos hőkioldóval túlterheléskor?;A forrás ezt írja le működésként.;védelem;hőkioldó;2;1;20;S0003;19. oldal;védelem,hőkioldó;hu;;
Q0149;true_false;A biztonsági törpefeszültség felső határa váltakozó áramnál 50 V, egyenáramnál 120 V.;A forrás a két határértéket adja meg.;érintésvédelem;SELV;2;1;20;S0003;20. oldal;érintésvédelem,SELV;hu;;
Q0150;single_choice;Mekkora a biztonsági törpefeszültség felső határa?;A forrás a két határértéket adja meg.;érintésvédelem;SELV;2;1;20;S0003;20. oldal;érintésvédelem,SELV;hu;;
Q0151;true_false;A II. érintésvédelmi osztályú szerkezetek kiegészítő vagy megerősített szigeteléssel rendelkeznek, és nincs rajtuk védőkapocs.;A forrás így jellemzi a II. osztályt.;érintésvédelem;II. osztály;2;1;20;S0003;20. oldal;érintésvédelem,II. osztály;hu;;
Q0152;single_choice;Melyik állítás igaz a II. érintésvédelmi osztályra?;A forrás így jellemzi a II. osztályt.;érintésvédelem;II. osztály;2;1;20;S0003;20. oldal;érintésvédelem,II. osztály;hu;;
Q0153;true_false;A TN rendszerben a megengedett limitfeszültség 50 V.;A forrás 50 V-ot ad meg.;érintésvédelem;TN rendszer;2;1;20;S0003;7. oldal;érintésvédelem,TN rendszer;hu;;
Q0154;single_choice;Mekkora a TN rendszerben megengedett limitfeszültség?;A forrás 50 V-ot ad meg.;érintésvédelem;TN rendszer;2;1;20;S0003;7. oldal;érintésvédelem,TN rendszer;hu;;
Q0155;true_false;A TT rendszerben az RA és Ia szorzatának legfeljebb 50 V-nak kell lennie.;A forrás ezt a méretezési feltételt adja meg.;érintésvédelem;TT rendszer;2;1;20;S0003;7. oldal;érintésvédelem,TT rendszer;hu;;
Q0156;single_choice;Melyik összefüggés igaz a TT rendszerre?;A forrás ezt a méretezési feltételt adja meg.;érintésvédelem;TT rendszer;2;1;20;S0003;7. oldal;érintésvédelem,TT rendszer;hu;;
Q0157;true_false;Az áram-védőkapcsoló nem önálló hibavédelmi mód, hanem a rendszer hatékonyságát növeli.;A forrás ezt hangsúlyozza.;érintésvédelem;ÁVK;2;1;20;S0003;7. oldal;érintésvédelem,ÁVK;hu;;
Q0158;single_choice;Mi igaz az áram-védőkapcsolóra?;A forrás ezt hangsúlyozza.;érintésvédelem;ÁVK;2;1;20;S0003;7. oldal;érintésvédelem,ÁVK;hu;;
Q0159;true_false;Az EPH-csomópontba a védővezető gerincvezetékét, a földelővezetőket és a releváns fém szerkezeteket kell bekötni.;A forrás ezt a bekötési logikát írja elő.;érintésvédelem;EPH;2;1;20;S0003;8. oldal;érintésvédelem,EPH;hu;;
Q0160;single_choice;Mit kell az EPH-hálózatba bekötni?;A forrás ezt a bekötési logikát írja elő.;érintésvédelem;EPH;2;1;20;S0003;8. oldal;érintésvédelem,EPH;hu;;
Q0161;true_false;A külső villámvédelem elemei a felfogó, a levezető és a földelő.;A forrás ezt a hármasságot adja meg.;védelem;villámvédelem;2;1;20;S0003;9. oldal;védelem,villámvédelem;hu;;
Q0162;single_choice;Melyik felsorolás adja meg a külső villámvédelem elemeit?;A forrás ezt a hármasságot adja meg.;védelem;villámvédelem;2;1;20;S0003;9. oldal;védelem,villámvédelem;hu;;
Q0163;true_false;A többlépcsős túlfeszültségvédelem 1., 2. és 3. osztályú fokozatokból áll.;A forrás három fokozatot különít el.;védelem;túlfeszültségvédelem;2;1;20;S0003;9. oldal;védelem,túlfeszültségvédelem;hu;;
Q0164;single_choice;Melyik fokozatsorozat szerepel a többlépcsős túlfeszültségvédelemnél?;A forrás három fokozatot különít el.;védelem;túlfeszültségvédelem;2;1;20;S0003;9. oldal;védelem,túlfeszültségvédelem;hu;;
Q0165;true_false;A transzformátorok kapcsolásai között szerepel a csillag, a delta és a zegzug kapcsolás.;A forrás ezt a három kapcsolást nevezi meg.;transzformátor;kapcsolási csoportok;2;1;20;S0003;10. oldal;transzformátor,kapcsolási csoportok;hu;;
Q0166;single_choice;Melyik felsorolás tartozik a transzformátor kapcsolásaihoz?;A forrás ezt a három kapcsolást nevezi meg.;transzformátor;kapcsolási csoportok;2;1;20;S0003;10. oldal;transzformátor,kapcsolási csoportok;hu;;
Q0167;true_false;A háromfázisú aszinkron motor fő fajtái a kalickás és a csúszógyűrűs kivitel.;A forrás ezt a két fő típust említi.;motorok;aszinkron motor;2;1;20;S0003;10. oldal;motorok,aszinkron motor;hu;;
Q0168;single_choice;Melyik felsorolás adja meg a háromfázisú aszinkron motor fő fajtáit?;A forrás ezt a két fő típust említi.;motorok;aszinkron motor;2;1;20;S0003;10. oldal;motorok,aszinkron motor;hu;;
Q0169;true_false;A relé és a mágneskapcsoló között az egyik fő különbség az, hogy a relé inkább gyengeáramú, a mágneskapcsoló pedig erősáramú alkalmazásra való.;A forrás ezt a felhasználást különíti el.;kapcsolók;relé;2;1;20;S0003;11. oldal;kapcsolók,relé;hu;;
Q0170;single_choice;Mi a relé és a mágneskapcsoló közti alapvető különbség?;A forrás ezt a felhasználást különíti el.;kapcsolók;relé;2;1;20;S0003;11. oldal;kapcsolók,relé;hu;;
Q0171;true_false;A villamos ív a két fémelektróda, az anód és a katód között jön létre.;A forrás így definiálja az ív helyét.;védelem;villamosív;2;1;20;S0003;12. oldal;védelem,villamosív;hu;;
Q0172;single_choice;Hol jön létre a villamos ív?;A forrás így definiálja az ív helyét.;védelem;villamosív;2;1;20;S0003;12. oldal;védelem,villamosív;hu;;
Q0173;true_false;A kapcsolókészülékeket a megszakítási áram nagysága szerint csoportosíthatjuk.;A forrás ezt a csoportosítást adja meg.;védelem;kapcsolókészülékek;2;1;20;S0003;12. oldal;védelem,kapcsolókészülékek;hu;;
Q0174;single_choice;Mi szerint csoportosíthatók a kapcsolókészülékek?;A forrás ezt a csoportosítást adja meg.;védelem;kapcsolókészülékek;2;1;20;S0003;12. oldal;védelem,kapcsolókészülékek;hu;;
Q0175;true_false;Az egysarkú kapcsoló egy világítási kört egy helyről kapcsol, és a fázisvezetőt szakítja meg.;A forrás ezt az alkalmazást írja le.;kapcsolók;egysarkú kapcsoló;2;1;15;S0013;2. oldal;kapcsolók,egysarkú kapcsoló;hu;;
Q0176;single_choice;Mi igaz az egysarkú kapcsolóra?;A forrás ezt az alkalmazást írja le.;kapcsolók;egysarkú kapcsoló;2;1;15;S0013;2. oldal;kapcsolók,egysarkú kapcsoló;hu;;
Q0177;true_false;A kétsarkú kapcsoló a nulla és a fázis egyszerre történő megszakítására is alkalmas.;A forrás ezt a feladatot emeli ki.;kapcsolók;kétsarkú kapcsoló;2;1;15;S0013;4. oldal;kapcsolók,kétsarkú kapcsoló;hu;;
Q0178;single_choice;Mi jellemző a kétsarkú kapcsolóra?;A forrás ezt a feladatot emeli ki.;kapcsolók;kétsarkú kapcsoló;2;1;15;S0013;4. oldal;kapcsolók,kétsarkú kapcsoló;hu;;
Q0179;true_false;A csillárkapcsoló kétáramkörös kapcsoló, osztott lámpatestek kapcsolására.;A forrás ezt a használatot adja meg.;kapcsolók;csillárkapcsoló;2;1;15;S0013;6. oldal;kapcsolók,csillárkapcsoló;hu;;
Q0180;single_choice;Mi a csillárkapcsoló feladata?;A forrás ezt a használatot adja meg.;kapcsolók;csillárkapcsoló;2;1;15;S0013;6. oldal;kapcsolók,csillárkapcsoló;hu;;
Q0181;true_false;A váltókapcsoló egy világítási kör két helyről való kapcsolására szolgál.;A forrás ezt az alkalmazást sorolja.;kapcsolók;váltókapcsoló;2;1;15;S0014;2. oldal;kapcsolók,váltókapcsoló;hu;;
Q0182;single_choice;Mi igaz a váltókapcsolóra?;A forrás ezt az alkalmazást sorolja.;kapcsolók;váltókapcsoló;2;1;15;S0014;2. oldal;kapcsolók,váltókapcsoló;hu;;
Q0183;true_false;A keresztkapcsoló három vagy több helyről vezérelt világítási körökben használatos.;A forrás így írja le a szerepét.;kapcsolók;keresztkapcsoló;2;1;15;S0014;5. oldal;kapcsolók,keresztkapcsoló;hu;;
Q0184;single_choice;Hol használják a keresztkapcsolót?;A forrás így írja le a szerepét.;kapcsolók;keresztkapcsoló;2;1;15;S0014;5. oldal;kapcsolók,keresztkapcsoló;hu;;
Q0185;true_false;A kisfeszültségű vezetékeket minőségi energiaszolgáltatás, biztonság és gazdaságosság miatt kell méretezni.;A forrás ezt a hármas célt emeli ki.;vezetékek;méretezés;2;1;20;S0033;1. oldal;vezetékek,méretezés;hu;;
Q0186;single_choice;Miért kell a kisfeszültségű vezetékeket méretezni?;A forrás ezt a hármas célt emeli ki.;vezetékek;méretezés;2;1;20;S0033;1. oldal;vezetékek,méretezés;hu;;
Q0187;true_false;A feszültségesésre történő méretezés lépései: teljesítmény, áram, megengedett feszültségesés, keresztmetszet és szabványos keresztmetszet kiválasztása.;A forrás ezt a sorrendet adja.;vezetékek;feszültségesés;2;1;20;S0033;2. oldal;vezetékek,feszültségesés;hu;;
Q0188;single_choice;Melyik a helyes méretezési sorrend a feszültségesésre történő számításnál?;A forrás ezt a sorrendet adja.;vezetékek;feszültségesés;2;1;20;S0033;2. oldal;vezetékek,feszültségesés;hu;;
Q0189;true_false;A vezetékek terhelhetősége az A, B és C terhelési csoportban van megadva.;A forrás ezt a három csoportot különíti el.;vezetékek;terhelési csoportok;2;1;20;S0033;3. oldal;vezetékek,terhelési csoportok;hu;;
Q0190;single_choice;Melyik terhelési csoportokat használja a forrás?;A forrás ezt a három csoportot különíti el.;vezetékek;terhelési csoportok;2;1;20;S0033;3. oldal;vezetékek,terhelési csoportok;hu;;
Q0191;true_false;A tápvezeték a táppontot a fogyasztóval közvetlenül összekötő vezeték, amelyen csak a végén van terhelés.;A forrás ezt a definíciót adja.;vezetékek;tápvezeték;2;1;20;S0033;4. oldal;vezetékek,tápvezeték;hu;;
Q0192;single_choice;Mi a tápvezeték jellemzője?;A forrás ezt a definíciót adja.;vezetékek;tápvezeték;2;1;20;S0033;4. oldal;vezetékek,tápvezeték;hu;;
Q0193;true_false;A túláram minden olyan áram, amely az adott áramkör névleges áramát meghaladja.;A forrás ezt a definíciót használja.;védelem;túláram;2;1;20;S0034;2. oldal;védelem,túláram;hu;;
Q0194;single_choice;Mi a túláram definíciója?;A forrás ezt a definíciót használja.;védelem;túláram;2;1;20;S0034;2. oldal;védelem,túláram;hu;;
Q0195;true_false;Szelektivitás esetén lehetőleg csak a hibás berendezésrész kapcsolódjon ki.;A forrás ezt a célt adja meg.;védelem;szelektivitás;2;1;20;S0034;3. oldal;védelem,szelektivitás;hu;;
Q0196;single_choice;Mit jelent a szelektivitás a védelemben?;A forrás ezt a célt adja meg.;védelem;szelektivitás;2;1;20;S0034;3. oldal;védelem,szelektivitás;hu;;
Q0197;true_false;A gL/gG biztosítók vezetékekhez, az aM/gM biztosítók motorokhoz valók.;A forrás ezt a tipikus alkalmazást emeli ki.;védelem;biztosítók;2;1;20;S0034;4-5. oldal;védelem,biztosítók;hu;;
Q0198;single_choice;Melyik párosítás helyes?;A forrás ezt a tipikus alkalmazást emeli ki.;védelem;biztosítók;2;1;20;S0034;4-5. oldal;védelem,biztosítók;hu;;
Q0199;true_false;A külső villámvédelem feladata a villámáram biztonságos levezetése a felfogótól a földelőig.;A forrás ezt a fő feladatot írja le.;védelem;villámvédelem;2;1;20;S0035;1. oldal;védelem,villámvédelem;hu;;
Q0200;single_choice;Mi a külső villámvédelem fő feladata?;A forrás ezt a fő feladatot írja le.;védelem;villámvédelem;2;1;20;S0035;1. oldal;védelem,villámvédelem;hu;;
Q0201;true_false;A többlépcsős túlfeszültségvédelmi rendszer általánosan 1., 2. és 3. osztályú fokozatokból áll.;A forrás három védelmi fokozatot különít el.;védelem;túlfeszültségvédelem;2;1;20;S0035;1. oldal;védelem,túlfeszültségvédelem;hu;;
Q0202;single_choice;Melyik fokozatsorozat jellemző a túlfeszültségvédelemre?;A forrás három védelmi fokozatot különít el.;védelem;túlfeszültségvédelem;2;1;20;S0035;1. oldal;védelem,túlfeszültségvédelem;hu;;
Q0203;true_false;A belső villámvédelem az LPZ 0/1 zónahatáron létesített összecsatolások rendszere.;A forrás ezt a zónahatárt nevezi meg.;védelem;villámvédelmi zónák;2;1;20;S0035;1. oldal;védelem,villámvédelmi zónák;hu;;
Q0204;single_choice;Hol létesül a belső villámvédelem?;A forrás ezt a zónahatárt nevezi meg.;védelem;villámvédelmi zónák;2;1;20;S0035;1. oldal;védelem,villámvédelmi zónák;hu;;
Q0205;true_false;A villamos berendezés szerelésben megjelenik a fogyasztásmérő szekrény, az energiaelosztó szekrény, az MCC és a rackrendszerű szekrény is.;A forrás ezeket a típusokat tárgyalja.;villamos-berendezések;szekrénytípusok;2;1;20;S0031;1-3. oldal;villamos-berendezések,szekrénytípusok;hu;;
Q0206;single_choice;Melyik felsorolás tartozik a villamos berendezés szerelés szekrénytípusai közé?;A forrás ezeket a típusokat tárgyalja.;villamos-berendezések;szekrénytípusok;2;1;20;S0031;1-3. oldal;villamos-berendezések,szekrénytípusok;hu;;
Q0207;true_false;A rackszekrényeknél 1U = 44,45 mm.;A forrás az 1U magasságot így adja meg.;villamos-berendezések;rack;2;1;20;S0031;6. oldal;villamos-berendezések,rack;hu;;
Q0208;single_choice;Mekkora 1U a rackszekrényeknél?;A forrás az 1U magasságot így adja meg.;villamos-berendezések;rack;2;1;20;S0031;6. oldal;villamos-berendezések,rack;hu;;
Q0209;true_false;Kültéri szekrény kiválasztásánál az IP-besorolás önmagában nem elég, a napsugárzás, a hőterhelés és a mechanikai igénybevétel is számít.;A forrás ezeket a kiegészítő tényezőket emeli ki.;villamos-berendezések;kültéri szekrény;2;1;20;S0031;7. oldal;villamos-berendezések,kültéri szekrény;hu;;
Q0210;single_choice;Miért nem elég önmagában az IP-besorolás kültéri szekrényhez?;A forrás ezeket a kiegészítő tényezőket emeli ki.;villamos-berendezések;kültéri szekrény;2;1;20;S0031;7. oldal;villamos-berendezések,kültéri szekrény;hu;;
Q0211;true_false;A transzformátor kapcsolásai között szerepel a csillag, a delta és a zegzug kapcsolás.;A forrás ezt a három kapcsolást említi.;transzformátor;kapcsolások;2;1;20;S0003;16. oldal;transzformátor,kapcsolások;hu;;
Q0212;single_choice;Melyik kapcsolások szerepelnek a transzformátoroknál?;A forrás ezt a három kapcsolást említi.;transzformátor;kapcsolások;2;1;20;S0003;16. oldal;transzformátor,kapcsolások;hu;;
Q0213;true_false;A háromfázisú aszinkron motor két fő forgórész-fajtája a kalickás és a csúszógyűrűs kivitel.;A forrás ezt a két típust különíti el.;motorok;aszinkron motor;2;1;20;S0003;17. oldal;motorok,aszinkron motor;hu;;
Q0214;single_choice;Melyik a háromfázisú aszinkron motor két fő fajtája?;A forrás ezt a két típust különíti el.;motorok;aszinkron motor;2;1;20;S0003;17. oldal;motorok,aszinkron motor;hu;;
Q0215;true_false;A villamos ív az anód és a katód között jön létre.;A forrás így definiálja az ív helyét.;védelem;villamosív;2;1;20;S0003;18. oldal;védelem,villamosív;hu;;
Q0216;single_choice;Hol jön létre a villamos ív?;A forrás így definiálja az ív helyét.;védelem;villamosív;2;1;20;S0003;18. oldal;védelem,villamosív;hu;;
Q0305;true_false;A villamosenergia-rendszer részei az erőművek, a hálózati összeköttetések és az állomások.;A forrás a rendszer három fő részét sorolja fel.;villamos-alapok;villamosenergia-rendszer;2;1;20;S0003;1. oldal;villamos-alapok,villamosenergia-rendszer;hu;;
Q0306;single_choice;Melyik felsorolás tartozik a villamosenergia-rendszer részei közé?;A forrás a rendszer három fő részét sorolja fel.;villamos-alapok;villamosenergia-rendszer;2;1;20;S0003;1. oldal;villamos-alapok,villamosenergia-rendszer;hu;;
Q0307;true_false;A kommunális és lakóépületek hálózatra csatlakoztatásának előírásait az MSZ 447:2009 tartalmazza.;A forrás az MSZ 447:2009-et nevezi meg.;villamos-alapok;hálózati csatlakozás;2;1;20;S0003;1. oldal;villamos-alapok,hálózati csatlakozás;hu;;
Q0308;single_choice;Melyik szabvány foglalkozik a lakóépületek hálózati csatlakoztatásával?;A forrás az MSZ 447:2009-et nevezi meg.;villamos-alapok;hálózati csatlakozás;2;1;20;S0003;1. oldal;villamos-alapok,hálózati csatlakozás;hu;;
Q0309;true_false;A csatlakozó vezeték feszültségesése legfeljebb 1% lehet.;A forrás 1%-os felső határt ad.;vezetékek;csatlakozó vezeték;2;1;20;S0003;1. oldal;vezetékek,csatlakozó vezeték;hu;;
Q0310;single_choice;Mekkora lehet legfeljebb a csatlakozó vezeték feszültségesése?;A forrás 1%-os felső határt ad.;vezetékek;csatlakozó vezeték;2;1;20;S0003;1. oldal;vezetékek,csatlakozó vezeték;hu;;
Q0311;true_false;Szabadvezetékes csatlakozást legfeljebb 6 lakásos épületig és 20 kW csatlakozási teljesítményig javasolt létesíteni.;A forrás ezt a két határt adja meg.;vezetékek;szabadvezetékes csatlakozás;2;1;20;S0003;1. oldal;vezetékek,szabadvezetékes csatlakozás;hu;;
Q0312;single_choice;Milyen határértékekhez kötik a szabadvezetékes csatlakozást?;A forrás ezt a két határt adja meg.;vezetékek;szabadvezetékes csatlakozás;2;1;20;S0003;1. oldal;vezetékek,szabadvezetékes csatlakozás;hu;;
Q0313;true_false;A kábelfektetés után mechanikai védelmet kell kialakítani, és jelzőszalagot kell elhelyezni a kábel fölé.;A forrás ezt az utólagos védelmet írja elő.;kábelek;földkábel;2;1;20;S0003;2. oldal;kábelek,földkábel;hu;;
Q0314;single_choice;Mi igaz a földkábel kábelfektetés utáni védelmére?;A forrás ezt az utólagos védelmet írja elő.;kábelek;földkábel;2;1;20;S0003;2. oldal;kábelek,földkábel;hu;;
Q0315;true_false;Szabályozatlan terepen a fektetési mélység legalább 1 méter, szabályozott terepen legalább 0,7 méter.;A forrás ezt a minimális mélységet adja meg.;kábelek;fektetési mélység;2;1;20;S0003;2. oldal;kábelek,fektetési mélység;hu;;
Q0316;single_choice;Mekkora a minimális kábelfektetési mélység szabályozatlan terepen?;A forrás ezt a minimális mélységet adja meg.;kábelek;fektetési mélység;2;1;20;S0003;2. oldal;kábelek,fektetési mélység;hu;;
Q0317;true_false;A jelzőszalagot a kábel fölé, jellemzően a fektetési mélység felénél, de minimum 30 cm-re a kábeltől kell elhelyezni.;A forrás ezt az elhelyezési szabályt adja meg.;kábelek;jelzőszalag;2;1;20;S0003;2. oldal;kábelek,jelzőszalag;hu;;
Q0318;single_choice;Hol kell elhelyezni a jelzőszalagot a földkábel fölött?;A forrás ezt az elhelyezési szabályt adja meg.;kábelek;jelzőszalag;2;1;20;S0003;2. oldal;kábelek,jelzőszalag;hu;;
Q0319;true_false;Üzembe helyezés előtt el kell végezni a szükséges méréseket, feszültségpróbát kell tartani, és vizsgálati jegyzőkönyvet kell kiállítani.;A forrás ezeket az ellenőrzéseket írja elő.;kábelek;üzembe helyezés;2;1;20;S0003;2. oldal;kábelek,üzembe helyezés;hu;;
Q0320;single_choice;Mi szükséges a kábelfektetés üzembe helyezése előtt?;A forrás ezeket az ellenőrzéseket írja elő.;kábelek;üzembe helyezés;2;1;20;S0003;2. oldal;kábelek,üzembe helyezés;hu;;
Q0321;true_false;A lakás áramköreit logikai, teljesítmény-, elhelyezkedés- és karbantarthatósági szempont szerint célszerű szétosztani.;A forrás ezeket a szempontokat sorolja.;vezetékek;áramköri felosztás;2;1;20;S0003;3. oldal;vezetékek,áramköri felosztás;hu;;
Q0322;single_choice;Melyik szempont szerepel a lakás áramköri felosztásánál?;A forrás ezeket a szempontokat sorolja.;vezetékek;áramköri felosztás;2;1;20;S0003;3. oldal;vezetékek,áramköri felosztás;hu;;
Q0323;true_false;A fogyasztói elosztó feladata a különálló áramkörök biztosítása és szelektív lekapcsolhatósága.;A forrás ezt a szerepkört emeli ki.;villamos-berendezések;fogyasztói elosztó;2;1;20;S0003;3. oldal;villamos-berendezések,fogyasztói elosztó;hu;;
Q0324;single_choice;Mi a fogyasztói elosztó feladata?;A forrás ezt a szerepkört emeli ki.;villamos-berendezések;fogyasztói elosztó;2;1;20;S0003;3. oldal;villamos-berendezések,fogyasztói elosztó;hu;;
Q0325;true_false;TN-C-S rendszerben a PEN vezető egy ponton szétválik PE és N vezetőre, és utána tilos újra összekötni őket.;A forrás ezt a szabályt hangsúlyozza.;érintésvédelem;TN-C-S;2;1;20;S0003;3. oldal;érintésvédelem,TN-C-S;hu;;
Q0326;single_choice;Mi jellemző a TN-C-S rendszerre a szétválasztási pont után?;A forrás ezt a szabályt hangsúlyozza.;érintésvédelem;TN-C-S;2;1;20;S0003;3. oldal;érintésvédelem,TN-C-S;hu;;
Q0327;true_false;A csatlakozó főelosztó berendezés a méretlen felhasználói hálózat központi elosztója, amely a csatlakozóvezeték fogadására és az első túláramvédelmi készülék elhelyezésére szolgál.;A forrás ezt a funkciót írja le.;villamos-berendezések;csatlakozó főelosztó;2;1;20;S0003;4. oldal;villamos-berendezések,csatlakozó főelosztó;hu;;
Q0328;single_choice;Mi a csatlakozó főelosztó fő feladata?;A forrás ezt a funkciót írja le.;villamos-berendezések;csatlakozó főelosztó;2;1;20;S0003;4. oldal;villamos-berendezések,csatlakozó főelosztó;hu;;
Q0329;ordering;Egy lakás villamos hálózatának kivitelezése után, az üzembe helyezés előtt vizsgálatokat kell elvégezni. Határozza meg, hogy az MSZ HD 60364-7:2017 alapján mi a felsorolt műszeres vizsgálatok helyes sorrendje!;;biztonság;műszeres vizsgálat;3;4;20;S0036;;;hu;;
Q0330;single_choice;Az alábbi rajzon egy süllyesztett szerelés nyomvonalrajz részlete látható. Hány szerelvény dobozra (D65) van szükség a kivitelezéshez a rajzrészlet alapján?;;tervezés;szerelvény doboz;2;2;20;S0037;1. oldal;;hu;;
Q0331;single_choice;Az alábbi rajzon egy süllyesztett szerelés nyomvonalrajz részlete látható. Hány kétsarkú kapcsoló van a rajzon?;;kapcsolók;;1;2;20;S0037;3. oldal;;hu;;
Q0332;single_choice;Az alábbi rajzon egy nyomvonalrajz látható. A rajz alapján válassza ki az „A” betűvel jelölt helyen a vezetékek számát!;;tervezés;vezetékek;1;2;20;S0037;4. oldal;;hu;;
Q0333;single_choice;A képen egy kiselosztó látható. A kép alapján válassza ki az igaz állítást!;;villamos-berendezések;kismegszakító;2;2;20;S0037;4. oldal;;hu;;
Q0334;single_choice;Milyen érintésvédelmi osztálya van adattáblája alapján a képen látható tápegységnek?;Az adattáblán a kettős szigetelés jele látható, ezért II. érintésvédelmi osztályú.;érintésvédelem;érintésvédelmi osztály;2;2;20;S0037;5. oldal;érintésvédelem,tápegység,II. osztály;hu;;
Q0335;single_choice;A képen egy elosztó részlete látható. Az elosztóban a kismegszakító és az áram-védőkapcsoló sorba van kötve. Válassza ki a helyes állítást!;A megoldókulcs szerint a kialakítás megfelelő.;érintésvédelem;ÁVK és kismegszakító;2;2;20;S0037;5. oldal;ÁVK,kismegszakító,elosztó;hu;;
Q0336;single_choice;Mérést végzünk egyfázisú áramkörben. A műszer a képen látható adatokat jelzi ki. A kijelzett adatok alapján határozza meg, mekkora az áramkör feszültsége, ha a műszer méréshatára 300V!;A műszer skálájáról és a 300V-os méréshatárról leolvasva a feszültség 230V.;mérés;feszültségmérés;2;2;30;S0037;6. oldal;mérés,feszültség,analóg műszer;hu;;
Q0337;single_choice;Egy vezetéken a következő felirat található: H07V-R. Válassza ki, mire alkalmas a vezeték!;A H07V-R vezeték rögzített szerelésre alkalmas.;vezetékek;vezetékjelölés;1;2;20;S0037;6. oldal;vezeték,H07V-R;hu;;
Q0338;single_choice;Egy kábelen a következő jelölés található: NAYY-J 4x95. Az alábbiak közül válassza ki a helyes állítást!;A 4x95 jelölés alapján a zöld-sárga színezésű vezeték keresztmetszete is 95 mm2.;vezetékek;kábeljelölés;2;2;20;S0037;6. oldal;kábel,NAYY-J,keresztmetszet;hu;;
Q0339;single_choice;Egy lakásban egy helyről kívánunk két fényforrást működtetni. Milyen típusú kapcsolót választana a feladatra?;Két fényforrás egy helyről történő külön kapcsolásához kétáramkörös kapcsoló szükséges.;kapcsolók;kétáramkörös kapcsoló;1;2;20;S0037;7. oldal;kapcsoló,kétáramkörös,világítás;hu;;
Q0340;single_choice;Egy fém burkolatú kettős szigetelésű lámpatest csak fekete és kék színű vezetékekkel csatlakozik az áramkörhöz. Az alábbiak közül válassza ki az igaz állítást!;Kettős szigetelésű lámpatestnél a védővezető nélküli csatlakozás megfelelő.;érintésvédelem;kettős szigetelés;2;2;20;S0037;7. oldal;lámpatest,kettős szigetelés,vezeték;hu;;
Q0341;single_choice;Egy berendezést törpefeszültségről kell táplálni. A berendezés törpefeszültségű táptranszformátorának névleges szekunder feszültsége 48V. Ön megmérte a táptranszformátor feszültségét terhelés nélkül, és azt 52V-nak mérte. Hogyan minősítené a transzformátort?;A megoldókulcs szerint a mérési adatok alapján a transzformátor megfelelő.;érintésvédelem;törpefeszültség;2;2;20;S0037;7. oldal;törpefeszültség,transzformátor;hu;;
Q0342;single_choice;Válassza ki, egy akkumulátor mely üzemállapotában lesz a kapcsokon mért feszültség a legnagyobb!;Az akkumulátor kapocsfeszültsége üresjárásban a legnagyobb.;villamos-alapok;akkumulátor;1;2;20;S0037;7. oldal;akkumulátor,üresjárás,feszültség;hu;;
Q0343;single_choice;Válassza ki, mely tényezőktől függ a kábel szigetelési ellenállása!;A megoldókulcs szerint a kábel szigetelési ellenállása a kábel hosszától függ.;vezetékek;szigetelési ellenállás;2;2;20;S0037;7. oldal;kábel,szigetelési ellenállás;hu;;
Q0344;single_choice;Válassza ki, építési területen milyen típusú vezetők használhatók hosszabbítóként!;Építési területen hosszabbítóként a H07RN-F típus használható.;vezetékek;hosszabbító vezeték;1;2;20;S0037;8. oldal;vezeték,H07RN-F,építési terület;hu;;
Q0345;single_choice;Válassza ki az igaz állítást!;Az elosztóban a fogyasztói áramkörök párhuzamos kapcsolásúak.;villamos-alapok;párhuzamos kapcsolás;1;2;20;S0037;8. oldal;elosztó,párhuzamos kapcsolás;hu;;
Q0346;single_choice;Válassza ki a helyes állítást!;A kismegszakító túlterhelésre működő kioldóárama csökken, ha a kismegszakító hőmérséklete növekszik.;védelem;kismegszakító hőmérséklet;2;2;20;S0037;8. oldal;kismegszakító,túlterhelés,hőmérséklet;hu;;
Q0347;single_choice;Válassza ki a hamis állítást!;"A vezeték terhelhetősége nem a vezeték feszültségétől függ; ezért ez a hamis állítás.";vezetékek;vezeték terhelhetőség;2;2;20;S0037;8. oldal;vezeték,terhelhetőség;hu;;
Q0348;single_choice;Válassza ki a helyes állítást!;Az áram-védőkapcsoló próbagombjával az áram-védőkapcsoló működőképességét ellenőrizzük.;érintésvédelem;ÁVK próbagomb;1;2;20;S0037;8-9. oldal;ÁVK,próbagomb;hu;;
Q0349;single_choice;Az alábbiak közül válassza ki a táplálás önműködő lekapcsolása védelmi módot!;A felsoroltak közül a védőföldelés TT rendszerben tartozik a táplálás önműködő lekapcsolásához.;érintésvédelem;önműködő lekapcsolás;2;2;20;S0037;9. oldal;hibavédelem,TT,önműködő lekapcsolás;hu;;
Q0350;single_choice;Válassza ki, mely tényezőtől függ a távvezeték belógása!;A távvezeték belógása a vezeték hőmérsékletétől függ.;vezetékek;távvezeték;1;2;20;S0037;9. oldal;távvezeték,belógás,hőmérséklet;hu;;
Q0351;single_choice;Válassza ki az alábbiak közül, mely védőcső alkalmas falon kívüli szerelésre!;A megoldókulcs szerint falon kívüli szerelésre a Mü-II védőcső alkalmas.;vezetékek;védőcső;1;2;20;S0037;9. oldal;védőcső,falon kívüli szerelés;hu;;
Q0352;single_choice;Háromfázisú 400/230V névleges feszültségű villamos berendezés szigetelési ellenállását mérte. Az alábbiak közül válassza ki, melyik az elfogadható mérési eredmény!;A megoldókulcs szerint az elfogadható mérési eredmény 1002 kΩ.;mérés;szigetelési ellenállás;2;2;20;S0037;9. oldal;szigetelési ellenállás,mérés;hu;;
Q0353;single_choice;Válassza ki az EPH hálózatra igaz állítást!;Az EPH szerepe az egyenpotenciálra hozás, lehetőleg földpotenciálon.;érintésvédelem;EPH;1;2;20;S0037;9. oldal;EPH,egyenpotenciál;hu;;
Q0354;multi_choice;TN rendszer esetén mi a feladata a potenciálrögzítő földelésnek?;A megoldókulcs két helyes feladatot jelöl: a testek földpotenciálon tartását PEN szakadás esetén, illetve a csillagpont rögzítését többfázisú rendszerben.;érintésvédelem;potenciálrögzítő földelés;3;2;30;S0037;10. oldal;TN,PEN,potenciálrögzítő földelés;hu;;
Q0355;single_choice;Válassza ki, milyen eszközt lát a fényképen!;A fényképen túlfeszültséglevezető látható.;védelem;túlfeszültségvédelem;1;2;20;S0037;10. oldal;túlfeszültséglevezető,SPD;hu;;
Q0356;single_choice;Válassza ki, milyen szétszerelt eszközt lát a fényképen!;A fényképen szétszerelt mágneskapcsoló látható.;kapcsolók;mágneskapcsoló;1;2;20;S0037;11. oldal;mágneskapcsoló;hu;;
Q0357;single_choice;Válassza ki a rajzon látható rendszer betűjelét!;A rajzon IT rendszer látható.;érintésvédelem;IT rendszer;2;2;20;S0037;11. oldal;IT rendszer,érintésvédelem;hu;;
Q0358;single_choice;Válassza ki, hogy melyik állítás igaz az áramváltókra!;Az áramváltó szekunder körét üzem közben megszakítani tilos.;mérés;áramváltó;2;2;20;S0037;12. oldal;áramváltó,mérés;hu;;
Q0359;single_choice;Mérést végzünk egyfázisú áramkörben. A műszer a képen látható adatokat jelzi ki. A kijelzett adatok alapján határozza meg a teljesítménytényezőt!;cosφ = P / (U × I) = 5,3W / (230,1V × 0,11A) = 0,2094.;számítás;teljesítménytényező;3;3;45;S0037;12. oldal;cosfi,teljesítménytényező,mérés;hu;;
Q0360;single_choice;Mekkora annak az aszinkronmotornak a névleges árama, melyet a következő adatok jellemeznek: névleges teljesítmény Pn=2,2kW, névleges fordulatszám nn=1500 1/min, névleges teljesítménytényező cosφn=0,81, névleges hatásfok ηn=88%, névleges feszültség Un=3x400V, f=50Hz? A ventillációs és csapágysúrlódási veszteségektől eltekintünk!;In = Pn / (√3 × Un × ηn/100 × cosφn) = 4,45A.;számítás;aszinkron motor árama;3;3;60;S0037;12-13. oldal;motoráram,aszinkron motor,cosfi;hu;;
Q0361;single_choice;Mekkora a villamos forróvíztároló (bojler) villamos fogyasztása, ha névleges feszültsége 230V, névleges áramerőssége 7,83A és 4 órát működik?;W = U × I × t = 230V × 7,83A × 4h = 7204Wh.;számítás;villamos fogyasztás;2;3;45;S0037;13. oldal;bojler,fogyasztás,Wh;hu;;
Q0362;single_choice;Egy villamos forróvíztároló (bojler) névleges teljesítménye 1800W, névleges feszültsége 230V. Válassza ki, melyik kismegszakítót alkalmazná az áramkör védelmére!;I = P / U = 1800W / 230V = 7,83A, ezért a következő megfelelő túláramvédelem B10.;védelem;kismegszakító méretezés;2;3;45;S0037;13. oldal;kismegszakító,bojler,méretezés;hu;;
Q0363;single_choice;Egy egyfázisú fogyasztó névleges feszültsége 230V, névleges árama 11A, a teljesítménytényező 0,83. Mekkora a fogyasztó hatásos teljesítménye?;P = U × I × cosφ = 230V × 11A × 0,83 = 2099,9W, azaz kerekítve 2100W.;számítás;hatásos teljesítmény;2;3;45;S0037;13-14. oldal;hatásos teljesítmény,cosfi;hu;;
Q0364;single_choice;Mekkora a névleges szekunder árama annak a háromfázisú transzformátornak, melyet a következő adatok jellemeznek: kapcsolási csoport Dyn5, Sn=4 kVA, U1n=400V, U2n=230V, ε=6%?;I2n = Sn / (√3 × U2n) = 4000 / (√3 × 230) = 10,04A.;számítás;transzformátor szekunder áram;3;3;60;S0037;14. oldal;transzformátor,szekunder áram;hu;;
Q0365;single_choice;Egy háromfázisú fogyasztó névleges feszültsége 400V, névleges árama 32A, névleges teljesítménytényezője 0,87. Mekkora a meddő teljesítmény?;Q = √3 × Un × In × sinφ = √3 × 400V × 32A × 0,49305 = 10,931kvar.;számítás;meddő teljesítmény;3;3;60;S0037;14. oldal;meddő teljesítmény,cosfi,háromfázis;hu;;
Q0366;single_choice;Hibahelyi hurokimpedanciát mértek háromfázisú (3x400/230V) nullázott berendezés végáramkörében. Az áramkör túláramvédelmi eszköze hárompólusú B 6 kismegszakító, melynél α=5 kioldási tényezőt vehetünk figyelembe. Legfeljebb mekkora lehet az elfogadható hibahelyi hurokimpedancia?;Zs ≤ Uo / Ia = 230V / (6A × 5) = 7,67Ω.;érintésvédelem;hurokimpedancia;3;3;60;S0037;14-15. oldal;hurokimpedancia,kismegszakító,nullázás;hu;;
Q0367;single_choice;Egy háromfázisú fogyasztó csatlakozó vezeték nyomvonala 230m hosszú, 35mm2 keresztmetszetű, fajlagos ellenállása 0,03Ωmm2/m, a vezeték elején 405V, a végén pedig 399V vonali feszültséget mérünk. Határozza meg a csatlakozó vezeték százalékos feszültségesését!;ε = (UT - UF) / UF × 100 = (405 - 399) / 399 × 100 = 1,5037%, ezért a válasz 1,5%.;számítás;feszültségesés;3;3;60;S0037;15. oldal;feszültségesés,csatlakozó vezeték;hu;;
Q0368;single_choice;Mekkora annak az aszinkronmotornak a névleges szlipje, melyet a következő adatok jellemeznek: Pn=4kW, nn=910 1/min, cosφn=0,83, ηn=89%, Un=3x400V, f=50Hz?;sn = (n0 - nn) / n0 = (1000 - 910) / 1000 = 0,09.;számítás;aszinkron motor szlip;3;3;60;S0037;15. oldal;aszinkron motor,szlip;hu;;
Q0369;single_choice;A rajz alapján válassza ki a helyes állítást!;A rajz szerint az aszinkron motor két független helyről kikapcsolható Nki1 vagy Nki2 gombbal, bekapcsolni pedig Nbe1 és Nbe2 egyidejű működtetésével lehet.;vezérlések;motorvezérlés;3;2;45;S0037;16. oldal;motorvezérlés,nyomógomb,mágneskapcsoló;hu;;
Q0370;single_choice;Határozza meg, mekkora a várható FN (fázis-nulla közötti) zárlati áram értéke annál a háromfázisú csatlakozásnál, ahol a táplálást egy 210m hosszú NAYY-J 4x95 kábel biztosítja! A csatlakozási pont névleges feszültsége 3x400/230 V, a kábel fajlagos ellenállása 0,028 Ωmm2/m.;"R = ρ × (2l / AL) = 0,028 × (2 × 210 / 95) = 0,1238Ω; Iz = 230V / 0,1238Ω = 1858A.";számítás;zárlati áram;3;5;75;S0037;16-17. oldal;zárlati áram,NAYY-J;hu;;
Q0371;single_choice;"Egy tápvezeték szimmetrikus háromfázisú fogyasztót táplál, melyen a megengedett feszültségesés nem lehet nagyobb 1%-nál. A névleges feszültség Un=3x400V, f=50Hz. A vezeték fajlagos ellenállása ρ=0,03Ωmm2/m. A vezeték nyomvonal hossza l=55m; a fogyasztó hatásos árama 40A. Határozza meg a vezeték keresztmetszetét feszültségesésre történő méretezés alapján!";"Ue = 400/√3 × 1/100 = 2,31V; A = 0,03/2,31 × (55 × 40) = 28,57mm2, ezért a választott szabványos keresztmetszet 35mm2.";számítás;vezeték keresztmetszet;3;5;75;S0037;17. oldal;vezeték méretezés,feszültségesés,keresztmetszet;hu;;
